licence_id,license_type_label,amount_source,deal_currency_code,warranty_service_start_date,warranty_service_expiration_date,license_type_detail
58135128490,Drone Operating System & Apps,,,2026-07-01,2029-06-30,
58065254281,Drone Operating System & Apps,0,,2026-06-30,2029-06-29,
57951615003,LIDAR,0,EUR,2026-06-30,2029-06-29,PC Master Perpetual License
57951676727,Drone Operating System & Apps,0,EUR,2026-06-30,2029-06-29,
57780661357,LIDAR,0,EUR,2026-06-26,2029-06-25,PC Master Perpetual License
57832175683,Drone Operating System & Apps,8800,USD,2026-06-30,2029-06-29,
57832139829,Drone Operating System & Apps,8800,USD,2026-06-30,2029-06-29,
57737955979,Drone Operating System & Apps,3060,EUR,2026-06-26,2029-06-25,
57740597561,Drone Operating System & Apps,0,,,,
57719403541,Drone Operating System & Apps,0,USN,,,
57721577326,Drone Operating System & Apps,0,USN,,,
57711770148,WingtraCare,0,USN,,,
57618479879,Drone Operating System & Apps,0,USD,2026-06-26,2029-06-25,
57477395638,LIDAR,22100,,2026-06-23,2029-06-22,PC Master Perpetual License
57477514796,LIDAR,22100,EUR,2026-06-23,2029-06-22,PC Master Perpetual License
57573285029,Drone Operating System & Apps,7200,EUR,,,
57438271827,Drone Operating System & Apps,0,EUR,2026-06-26,2029-06-25,
57387724575,WingtraCare,8925,USD,,,
57373522264,Drone Operating System & Apps,7200,,,,
57376972815,Drone Operating System & Apps,7200,,,,
57385955696,Drone Operating System & Apps,7200,,,,
57342117265,WingtraCare,8925,USD,2026-06-20,2027-06-20,
57337113441,Drone Operating System & Apps,0,USD,,,
57339423857,Drone Operating System & Apps,0,USD,,,
57225451784,LIDAR,0,USN,,,PC Master Perpetual License
57227574144,LIDAR,0,USN,,,PC Master Perpetual License
57225228092,LIDAR,0,USN,,,PC Master Perpetual License
57225211393,WingtraPilot BLU,0,USN,,,Blue 1 year
57217064753,Drone Operating System & Apps,0,USD,,,
57214830164,Drone Operating System & Apps,7200,EUR,,,
57177054369,Drone Operating System & Apps,9000,,2026-06-22,2029-06-21,
57177950526,WingtraCare,9900,USD,,,
57103106697,Drone Operating System & Apps,0,,,,
57064889703,LIDAR,0,USN,2026-06-11,2029-06-10,PC Master Perpetual License
57064153355,LIDAR,0,USN,2026-06-22,2029-06-21,PC Master Perpetual License
57064976261,LIDAR,0,USN,,,PC Master Perpetual License
57024962192,Drone Operating System & Apps,7200,,,,
57022598290,Drone Operating System & Apps,7200,,,,
56958172803,LIDAR,34000,,2026-06-08,2029-06-07,PC Master Perpetual License
56958172801,Drone Operating System & Apps,10720,,,,
56959649313,Drone Operating System & Apps,10720,,,,
56959562052,Drone Operating System & Apps,10720,,,,
56958022780,Drone Operating System & Apps,10720,,,,
56958111258,Drone Operating System & Apps,10720,,2026-06-30,2029-06-29,
56942104194,Drone Operating System & Apps,10720,,,,
56957372262,Drone Operating System & Apps,8800,USD,2026-06-23,2029-06-22,
56957174651,Drone Operating System & Apps,8800,USD,2026-06-26,2029-06-25,
56939806566,Drone Operating System & Apps,8800,USD,2026-06-26,2029-06-25,
56943891638,WingtraCare,7425,USD,2026-02-05,2027-02-05,
56943899751,Drone Operating System & Apps,7200,EUR,2026-06-23,2029-06-22,
56871109763,LIDAR,0,USN,,,PC Master Perpetual License
56871071109,LIDAR,0,USN,,,PC Master Perpetual License
56872647749,LIDAR,0,USN,,,PC Master Perpetual License
56835388268,LIDAR,0,USN,,,PC Master Perpetual License
56834627121,LIDAR,0,USN,,,PC Master Perpetual License
56788695592,WingtraCare,0,USN,,,
56788710556,WingtraCare,0,USN,,,
56740118279,Drone Operating System & Apps,0,USD,,,
56738698367,Drone Operating System & Apps,0,USD,,,
56690158260,Drone Operating System & Apps,8800,USD,2026-06-10,2029-06-09,
56733892628,Drone Operating System & Apps,8800,USD,2026-06-11,2029-06-10,
56682350391,Drone Operating System & Apps,8800,USD,2026-06-28,2029-06-27,
56683786113,Drone Operating System & Apps,8800,USD,2026-06-28,2029-06-27,
56547756596,Drone Operating System & Apps,8800,USD,,,
56549864273,WingtraCare,8925,USD,2026-02-18,2027-02-18,
56547979919,Drone Operating System & Apps,0,USN,,,
56548017035,Drone Operating System & Apps,0,USN,,,
56547817590,Drone Operating System & Apps,0,USN,,,
56533222942,WingtraCare,11900,USD,2026-05-28,2029-05-27,
56533183408,WingtraCare,11900,USD,2026-05-28,2029-05-27,
55974982151,LIDAR,30000,,2026-06-03,2029-06-02,PC Master Perpetual License
56507056998,Drone Operating System & Apps,0,USN,,,
56473693966,Drone Operating System & Apps,0,USN,,,
56469460575,Drone Operating System & Apps,0,USN,,,
56474813194,LIDAR,34000,USN,2026-05-26,2029-05-25,PC Master Perpetual License
56469773325,WingtraPilot BLU,0,USN,2026-05-26,2029-05-25,Wingtra Pilot Blue Perpetual
56443741843,Drone Operating System & Apps,8800,USD,2026-06-30,2029-06-29,
56449893802,Drone Operating System & Apps,8800,USD,,,
56420908952,LIDAR,0,,,,
56011497035,Drone Operating System & Apps,8800,USD,,,
55874241890,Drone Operating System & Apps,0,USD,,,
55886051253,Drone Operating System & Apps,8800,USD,2026-06-09,2029-06-08,
55870005542,LIDAR,0,USN,,,PC Master Perpetual License
55891537286,Drone Operating System & Apps,0,USN,,,
55888928574,Drone Operating System & Apps,0,USN,,,
55873263146,Drone Operating System & Apps,0,USN,,,
55882786838,Drone Operating System & Apps,10720,,2026-05-29,2029-05-28,
55884642458,WingtraCare,10950,USD,,,
55744904580,LIDAR,0,USN,,,PC Master Perpetual License
55728537176,WingtraPilot BLU,5100,USD,2026-05-22,2027-05-22,Blue 1 year
54784766861,Drone Operating System & Apps,0,,,,
55022183564,LIDAR,0,USN,2026-05-13,2029-05-12,PC Master Perpetual License
54794187015,Drone Operating System & Apps,10720,,,,
54794506554,Drone Operating System & Apps,10720,,2026-05-19,2029-05-18,
54788508173,Drone Operating System & Apps,10720,,,,
54777937060,Drone Operating System & Apps,10720,,,,
54793106202,Drone Operating System & Apps,10720,,2026-06-30,2029-06-29,
54801959554,Drone Operating System & Apps,10720,,2026-06-16,2029-06-15,
54799801862,Drone Operating System & Apps,10720,,,,
54804230969,Drone Operating System & Apps,10720,,,,
54799340893,Drone Operating System & Apps,10720,,2026-05-12,2029-05-11,
54778579506,Drone Operating System & Apps,10720,,2026-06-22,2029-06-21,
54758932076,WingtraCare,10950,USD,,,
54346165620,LIDAR,34000,USN,,,PC Master Perpetual License
54346642190,Drone Operating System & Apps,10720,USN,,,
54346714451,Drone Operating System & Apps,0,USN,,,
54353004363,Drone Operating System & Apps,10720,USN,,,
54352835680,Drone Operating System & Apps,0,USN,,,
54352630272,WingtraCare,10950,USD,2025-02-14,2026-02-14,
54177504111,Drone Operating System & Apps,10720,USN,,,
53650661890,Drone Operating System & Apps,0,,,,
53706048412,Drone Operating System & Apps,0,,,,
53423939630,Drone Operating System & Apps,0,,2026-04-29,2029-04-29,
53417205661,WingtraCare,10950,USD,2026-04-27,2027-04-27,
53149640523,Drone Operating System & Apps,0,,,,
53101603972,Drone Operating System & Apps,10720,USN,2026-05-13,2029-05-12,
53106012735,Drone Operating System & Apps,10720,USN,2026-04-27,2029-04-26,
53108092241,Drone Operating System & Apps,10720,USN,2026-06-22,2029-06-21,
53108632156,Drone Operating System & Apps,10720,USN,2026-06-24,2029-06-23,
53107114882,Drone Operating System & Apps,10720,USN,2026-05-28,2029-05-27,
53106691641,Drone Operating System & Apps,10720,USN,2026-04-27,2029-04-26,
53108476171,Drone Operating System & Apps,10720,USN,2026-06-02,2029-06-01,
53102586005,Drone Operating System & Apps,10720,USN,2026-06-09,2029-06-08,
53102371110,Drone Operating System & Apps,10720,USN,2026-06-22,2029-06-21,
53100871315,Drone Operating System & Apps,10720,USN,2026-06-25,2029-06-24,
53100131345,Drone Operating System & Apps,10720,USN,2026-04-28,2029-04-27,
53100182530,Drone Operating System & Apps,10720,USN,2026-06-22,2029-06-21,
53104257893,Drone Operating System & Apps,10720,USN,2026-06-12,2029-06-11,
53100668680,Drone Operating System & Apps,10720,USN,2026-06-30,2029-06-29,
53105581957,Drone Operating System & Apps,10720,USN,2026-06-17,2029-06-16,
52810730294,WingtraPilot BLU,15300,USD,,,Wingtra Pilot Blue Perpetual
52802859882,WingtraCare,0,USD,,,
52761064228,Drone Operating System & Apps,8800,USD,2026-06-24,2029-06-23,
52774911154,Drone Operating System & Apps,8800,USD,,,
52629326660,WingtraCare,10950,USD,2026-04-22,2027-04-22,
52386916759,Drone Operating System & Apps,0,USD,2026-04-23,2029-04-22,
52483956648,Drone Operating System & Apps,10720,,2026-04-24,2029-04-23,
52344608542,LIDAR,34000,USN,2026-04-24,2029-04-23,PC Master Perpetual License
52228320781,LIDAR,22100,,2026-04-24,2029-04-23,PC Master Perpetual License
52242438746,Drone Operating System & Apps,10720,USN,,,
52251760470,Drone Operating System & Apps,10720,USN,,,
52230422962,Drone Operating System & Apps,10720,USN,,,
51978766199,Drone Operating System & Apps,10720,USN,,,
51966543763,Drone Operating System & Apps,10720,USN,2026-05-29,2029-05-28,
51984567469,LIDAR,34000,USN,2026-05-12,2029-05-11,PC Master Perpetual License
51988753744,LIDAR,34000,USN,2026-06-16,2029-06-15,PC Master Perpetual License
51971336090,WingtraCare,10950,USD,,,
51910365615,LIDAR,34000,,,,PC Master Perpetual License
51912139447,LIDAR,34000,,,,PC Master Perpetual License
51909016579,LIDAR,34000,,,,PC Master Perpetual License
51912483903,LIDAR,34000,,,,PC Master Perpetual License
51908860596,LIDAR,34000,,,,PC Master Perpetual License
51908802478,LIDAR,34000,,,,PC Master Perpetual License
51865478222,LIDAR,0,,,,
51687416895,Drone Operating System & Apps,10720,USN,,,
51703297426,Drone Operating System & Apps,10720,USN,,,
51679391557,Drone Operating System & Apps,10720,USN,2026-06-26,2029-06-25,
51684939434,Drone Operating System & Apps,10720,USN,,,
51693258543,Drone Operating System & Apps,10720,USN,,,
51679857214,Drone Operating System & Apps,10720,USN,,,
51556242822,Drone Operating System & Apps,8800,USD,2026-06-09,2029-06-08,
51438122551,Drone Operating System & Apps,8800,USD,2026-05-13,2029-05-12,
51294781100,Drone Operating System & Apps,10720,USN,,,
51274864806,Drone Operating System & Apps,10720,USN,,,
51298816545,Drone Operating System & Apps,10720,USN,,,
51281763939,Drone Operating System & Apps,9350,USD,,,
51287796838,Drone Operating System & Apps,9350,USD,2026-04-28,2029-04-27,
51239473800,Drone Operating System & Apps,7150,,2026-05-12,2029-05-11,
51261113190,WingtraCare,9520,USD,,,
51171391049,Drone Operating System & Apps,7200,EUR,,,
51183826988,LIDAR,34000,USN,,,PC Master Perpetual License
51165235459,Drone Operating System & Apps,10720,USN,2026-05-04,2029-05-03,
51166317488,Drone Operating System & Apps,10720,USN,2026-05-13,2029-05-12,
51187851793,Drone Operating System & Apps,10720,USN,,,
51186614410,Drone Operating System & Apps,10720,USN,,,
51190734701,Drone Operating System & Apps,10720,USN,2026-06-16,2029-06-15,
51165235385,Drone Operating System & Apps,10720,USN,2026-05-11,2029-05-10,
51172397864,Drone Operating System & Apps,10720,USN,2026-05-29,2029-05-28,
51173806856,WingtraCare,10950,USD,,,
51163683747,WingtraCare,10950,USD,2026-04-09,2027-04-09,
51124211755,Drone Operating System & Apps,11000,,2026-05-28,2029-05-27,
51123346009,Drone Operating System & Apps,11000,,2026-05-28,2029-05-27,
50849425722,LIDAR,34000,USN,2026-04-20,2029-04-19,PC Master Perpetual License
50824333356,Drone Operating System & Apps,10720,USN,2026-05-19,2029-05-18,
50812995976,Drone Operating System & Apps,10720,USN,2026-05-21,2029-05-20,
50829871265,Drone Operating System & Apps,10720,USN,2026-06-03,2029-06-02,
50829719417,Drone Operating System & Apps,10720,USN,,,
50819641518,Drone Operating System & Apps,10720,USN,2026-04-17,2029-04-16,
50818364289,Drone Operating System & Apps,10720,USN,2026-05-21,2029-05-20,
50828792885,Drone Operating System & Apps,10720,USN,,,
50831623457,Drone Operating System & Apps,10720,USN,,,
50821812853,Drone Operating System & Apps,10720,USN,2026-06-18,2029-06-17,
50809657366,Drone Operating System & Apps,10720,USN,2026-03-31,2029-03-30,
50808031304,Drone Operating System & Apps,10720,USN,2026-03-31,2029-03-30,
50788759460,WingtraCare,18375,USD,2025-02-13,2027-02-13,
50724726284,Drone Operating System & Apps,11000,,2026-03-31,2029-03-30,
50615896393,Drone Operating System & Apps,10720,,2026-03-27,2029-03-26,
50587312527,Drone Operating System & Apps,10720,USN,2026-03-30,2029-03-29,
50571866695,Drone Operating System & Apps,10720,,2026-03-30,2029-03-29,
50536756119,Drone Operating System & Apps,7200,EUR,2026-04-30,2029-04-29,
50538600567,Drone Operating System & Apps,7200,EUR,2026-03-31,2029-03-30,
50464715601,Drone Operating System & Apps,10720,USN,2026-04-24,2029-04-23,
50464763230,Drone Operating System & Apps,10720,USN,2026-03-25,2029-03-24,
50459624526,Drone Operating System & Apps,10720,USN,2026-03-30,2029-03-29,
50464836468,Drone Operating System & Apps,10720,USN,2026-03-26,2029-03-25,
50464412514,Drone Operating System & Apps,7200,EUR,2026-05-28,2029-05-27,
50463737678,Drone Operating System & Apps,7200,EUR,2026-04-22,2029-04-21,
50459140178,Drone Operating System & Apps,7200,EUR,2026-06-24,2029-06-23,
50464129290,Drone Operating System & Apps,8800,USD,,,
50459002220,Drone Operating System & Apps,8800,USD,,,
50381468298,Drone Operating System & Apps,7200,EUR,2026-03-26,2029-03-25,
50379436580,Drone Operating System & Apps,7200,EUR,2026-03-31,2029-03-30,
50374537874,Drone Operating System & Apps,8800,USD,2026-05-13,2029-05-12,
50371662348,Drone Operating System & Apps,8800,USD,2026-05-27,2029-05-26,
50373829717,Drone Operating System & Apps,8800,USD,,,
50293160249,WingtraCare,10950,USD,,,
50187774387,Drone Operating System & Apps,8800,USD,,,
50204433494,Drone Operating System & Apps,10720,USN,2026-05-11,2029-05-10,
50195795311,Drone Operating System & Apps,10720,USN,2026-04-16,2029-04-15,
50187489700,Drone Operating System & Apps,10720,,,,
50203661749,Drone Operating System & Apps,10720,USN,2026-04-30,2029-04-29,
50195949985,Drone Operating System & Apps,10720,,,,
50188574526,Drone Operating System & Apps,10720,USN,2026-04-10,2029-04-09,
50196261472,Drone Operating System & Apps,10720,,,,
50208150345,Drone Operating System & Apps,10720,,,,
50198428000,Drone Operating System & Apps,10720,,2026-06-30,2029-06-29,
50191361316,WingtraCare,10950,USD,2026-04-21,2027-04-21,
50205207423,WingtraCare,10950,USD,,,
50207375236,WingtraCare,10950,USD,,,
50206137957,WingtraCare,10950,USD,,,
50177446408,WingtraCare,10950,USD,2025-03-01,2026-03-01,
50111567986,Drone Operating System & Apps,9350,USD,2026-04-15,2029-04-14,
50109962020,Drone Operating System & Apps,9350,USD,2026-03-31,2029-03-30,
50103048807,Drone Operating System & Apps,8800,USD,,,
50062642281,LIDAR,34000,USN,,,PC Master Perpetual License
50089955374,Drone Operating System & Apps,10720,USN,2026-05-08,2029-05-07,
50089794861,Drone Operating System & Apps,10720,USN,2026-06-10,2029-06-09,
50068113718,Drone Operating System & Apps,10720,USN,2026-05-08,2029-05-07,
50044591169,Drone Operating System & Apps,8800,USD,2026-04-18,2029-04-17,
50035638433,Drone Operating System & Apps,8800,USD,2026-04-25,2029-04-24,
49966920581,Drone Operating System & Apps,10720,USN,2026-03-24,2029-03-23,
49947587210,Drone Operating System & Apps,10720,USN,2026-03-16,2029-03-15,
49526770527,WingtraCare,8925,USD,,,
49465517824,Drone Operating System & Apps,10720,USN,2026-04-22,2029-04-21,
49479463727,Drone Operating System & Apps,10720,USN,,,
49471230014,Drone Operating System & Apps,10720,USN,2026-04-27,2029-04-26,
49375307058,Drone Operating System & Apps,8800,USD,2026-04-01,2029-03-31,
49402524759,Drone Operating System & Apps,8800,USD,2026-04-01,2029-03-31,
49445975618,Drone Operating System & Apps,8800,USD,2026-04-01,2029-03-31,
49392511657,Drone Operating System & Apps,8800,USD,2026-03-31,2029-03-30,
49379488560,Drone Operating System & Apps,8800,USD,2026-03-31,2029-03-30,
49353575720,Drone Operating System & Apps,8800,USD,2026-06-11,2029-06-10,
49283478643,Drone Operating System & Apps,10720,USN,2026-03-27,2029-03-26,
49304972408,Drone Operating System & Apps,10720,USN,2026-03-20,2029-03-19,
49280968325,Drone Operating System & Apps,10720,USN,2026-03-10,2029-03-09,
49285334684,Drone Operating System & Apps,10720,USN,2026-03-02,2029-03-01,
49302643496,WingtraCare,8925,USD,2025-01-31,2026-01-31,
49300901905,WingtraCare,8925,USD,2025-04-02,2026-04-02,
49253898341,WingtraCare,10950,USD,2027-02-06,2028-02-06,
49217938432,Drone Operating System & Apps,8800,USD,2026-06-25,2029-06-24,
49214142567,Drone Operating System & Apps,8800,USD,,,
49217779320,Drone Operating System & Apps,8800,USD,2026-06-25,2029-06-24,
49099588419,Drone Operating System & Apps,0,USN,,,
49080736342,WingtraCare,0,USD,2025-12-31,2026-12-31,
49035942171,Drone Operating System & Apps,10720,USN,2026-03-17,2029-03-16,
48950484231,Drone Operating System & Apps,0,,,,
48918982264,WingtraCare,10950,USD,2026-04-07,2027-04-07,
48856602677,WingtraCare,10950,USD,,,
48856705283,WingtraCare,10950,USD,,,
48851327639,WingtraCare,10950,USD,2026-03-11,2027-03-11,
48856644674,WingtraCare,10950,USD,,,
48856072069,WingtraCare,10950,USD,2025-11-07,2026-11-07,
48856698805,WingtraCare,8925,USD,,,
48851967053,WingtraCare,8925,USD,2025-08-30,2026-08-30,
48855216799,LIDAR,25500,USD,2026-03-25,2029-03-24,PC Master Perpetual License
48854374967,Drone Operating System & Apps,8800,USD,,,
48841572223,Drone Operating System & Apps,8800,USD,2026-06-24,2029-06-23,
48750826397,Drone Operating System & Apps,0,USD,,,
48731667265,Drone Operating System & Apps,10720,,2026-04-20,2029-04-19,
48724915591,Drone Operating System & Apps,10720,,2026-02-25,2029-02-24,
48731193407,Drone Operating System & Apps,10720,,2026-03-27,2029-03-26,
48731188354,Drone Operating System & Apps,10720,,2026-03-06,2029-03-05,
48731384981,Drone Operating System & Apps,10720,,2026-05-06,2029-05-05,
48731178277,Drone Operating System & Apps,10720,,2026-02-27,2029-02-26,
48731334738,Drone Operating System & Apps,10720,,2026-03-11,2029-03-10,
48731301164,Drone Operating System & Apps,10720,,2026-04-09,2029-04-08,
48118406234,Drone Operating System & Apps,10720,USN,2026-03-24,2029-03-23,
48080675710,Drone Operating System & Apps,10720,USN,2026-03-24,2029-03-23,
48115005755,Drone Operating System & Apps,10720,USN,2026-04-02,2029-04-01,
48102411906,Drone Operating System & Apps,10720,USN,,,
48106748718,Drone Operating System & Apps,10720,USN,,,
48099934828,Drone Operating System & Apps,10720,USN,2026-05-07,2029-05-06,
48112677381,LIDAR,34000,USN,2026-02-25,2029-02-24,PC Master Perpetual License
47955607731,Drone Operating System & Apps,0,USD,2026-02-18,2029-02-17,
47938730909,WingtraCare,8925,USD,,,
47837141391,WingtraCare,0,,,,
47846239610,WingtraCare,0,,,,
47736517943,LIDAR,34000,USN,,,PC Master Perpetual License
47758666606,LIDAR,34000,USN,,,PC Master Perpetual License
47661526878,Drone Operating System & Apps,5175,EUR,2026-02-27,2029-02-26,
47618957065,LIDAR,34000,,,,PC Master Perpetual License
47540455179,LIDAR,34000,,2026-04-10,2029-04-09,PC Master Perpetual License
47566920495,LIDAR,34000,,2026-06-26,2029-06-25,PC Master Perpetual License
47495447583,WingtraPilot BLU,15300,USD,,,Wingtra Pilot Blue Perpetual
47490547866,Drone Operating System & Apps,10720,USN,2026-03-25,2029-03-24,
47467181937,Drone Operating System & Apps,10720,USN,2026-03-13,2029-03-12,
47349734233,LIDAR,34000,USN,2026-04-09,2029-04-08,PC Master Perpetual License
47230697000,WingtraCare,10950,USD,2026-02-16,2027-02-16,
47204129127,LIDAR,25500,USD,2026-05-01,2029-04-30,PC Master Perpetual License
47120851036,Drone Operating System & Apps,0,USD,2026-03-11,2029-03-10,
46529782819,Total Maintenance Plan,5100,USD,,,TMP+
46320161692,LIDAR,34000,USN,2026-06-30,2029-06-29,PC Master Perpetual License
46318980189,LIDAR,34000,USN,,2029-01-27,PC Master Perpetual License
46091981569,WingtraCare,10950,USD,2026-01-23,2027-01-23,
45613018009,LIDAR,22100,,2026-02-12,2029-02-11,PC Master Perpetual License
46038573653,LIDAR,34000,USN,2026-06-04,2029-06-03,PC Master Perpetual License
46000615432,Drone Operating System & Apps,7200,EUR,2026-02-12,2029-02-11,
45968248070,Drone Operating System & Apps,0,USN,2026-02-05,2029-02-04,
45947694210,Drone Operating System & Apps,5270.94,USD,,,
45938426034,WingtraCare,8925,USD,,,
45998504257,WingtraCare,8925,USD,,,
45998495776,Drone Operating System & Apps,8800,USD,,,
45979698315,Drone Operating System & Apps,8800,USD,2026-02-05,2029-02-04,
45891586818,Drone Operating System & Apps,0,,2026-01-20,2029-06-01,
45425907713,LIDAR,34000,,2026-01-22,2029-01-21,PC Master Perpetual License
45417889832,Drone Operating System & Apps,8800,USD,2026-06-24,2029-06-23,
45368009291,Drone Operating System & Apps,10720,USN,2026-01-24,2029-01-23,
45300057907,Drone Operating System & Apps,10720,USN,2026-01-29,2029-01-28,
45251785264,Drone Operating System & Apps,8800,USD,2026-06-11,2029-06-10,
45226361089,Drone Operating System & Apps,8800,USD,,,
45253937735,Drone Operating System & Apps,7200,EUR,2026-05-21,2029-05-20,
45251765684,Drone Operating System & Apps,7200,EUR,2026-03-02,2029-03-01,
45022266116,Drone Operating System & Apps,0,,2026-02-04,2029-02-03,
44981805668,Drone Operating System & Apps,0,USD,,,RAY
44982422930,LIDAR,53262.5,,2026-05-26,2029-05-25,PC Master Perpetual License
44981865361,LIDAR,35200,USD,,,LIDAR license 12 months
44982422288,LIDAR,34000,,2026-04-24,2029-04-23,PC Master Perpetual License
44921419176,WingtraCare,14850,USD,2025-06-27,2028-06-26,
44463984991,Drone Operating System & Apps,0,,,,
44901769733,Drone Operating System & Apps,0,,,,
44453130656,Drone Operating System & Apps,0,USD,2026-01-07,2029-01-06,
44884643699,WingtraCare,8925,USD,,,
44788487762,WingtraCare,8925,USD,,,
44785826212,WingtraCare,10950,USD,2025-06-04,2026-06-04,
44756855827,Drone Operating System & Apps,10720,USN,2026-02-23,2029-02-22,
44763401263,Drone Operating System & Apps,10720,USN,2026-02-26,2029-02-25,
44756162837,Drone Operating System & Apps,10720,USN,2026-02-18,2029-02-17,
44412152983,WingtraPilot BLU,5100,USD,2025-12-31,2026-12-31,Blue 1 year
44378957939,Drone Operating System & Apps,10720,USN,,,
44378463083,Drone Operating System & Apps,10720,USN,2026-03-23,2029-03-22,
44375616276,Drone Operating System & Apps,10720,USN,2026-03-10,2029-03-09,
44363287333,Drone Operating System & Apps,10720,USN,2026-06-09,2029-06-08,
44379122178,WingtraCare,10950,USD,2025-12-31,2026-12-31,
44356500620,LIDAR,25500,,,,PC Master Perpetual License
43960543655,LIDAR,20800,,,,PC Master Perpetual License
44296843923,Drone Operating System & Apps,7200,EUR,2026-06-23,2029-06-22,
44256998985,Drone Operating System & Apps,8800,,2026-03-26,2029-03-25,
44269324591,Drone Operating System & Apps,8800,,2026-06-08,2029-06-07,
44291188054,Drone Operating System & Apps,8800,,,,
44265840163,WingtraCare,8925,USD,,,
44305799023,WingtraCare,8925,USD,,,
44351086515,LIDAR,25500,USD,2026-01-14,2029-01-13,PC Master Perpetual License
44350625342,Drone Operating System & Apps,8800,USD,,,
44276270879,Drone Operating System & Apps,8800,USD,,,
44286706476,Drone Operating System & Apps,8800,USD,,,
44348483404,LIDAR,25500,USD,2026-04-09,2029-04-08,PC Master Perpetual License
44289298470,WingtraCare,10950,USD,,,
44252170660,Drone Operating System & Apps,8800,USD,2026-06-17,2029-06-16,
44252212820,Drone Operating System & Apps,8800,USD,,,
44248917547,Drone Operating System & Apps,8800,USD,2026-06-04,2029-06-03,
44248178617,Drone Operating System & Apps,8800,USD,2026-04-20,2029-04-19,
44227877130,Drone Operating System & Apps,8800,USD,2025-12-31,2028-12-30,
44239506281,Drone Operating System & Apps,8800,USD,2025-12-31,2028-12-30,
43556679345,Drone Operating System & Apps,0,,,,RAY
43760595546,Drone Operating System & Apps,10720,USN,,,
43706903625,Drone Operating System & Apps,10720,USN,2026-04-07,2029-04-06,
43751706117,Drone Operating System & Apps,10720,USN,2026-05-20,2029-05-19,
43750434971,Drone Operating System & Apps,10720,USN,2026-01-14,2029-01-13,
43755470661,Drone Operating System & Apps,10720,USN,2025-12-23,2028-12-22,
43755008769,Drone Operating System & Apps,10720,USN,2025-12-23,2028-12-22,
43750466855,Drone Operating System & Apps,10720,USN,2025-12-23,2028-12-22,
43755475364,Drone Operating System & Apps,10720,USN,2026-02-27,2029-02-26,
43570925452,Drone Operating System & Apps,7200,EUR,2026-02-17,2029-02-16,
43573092499,Drone Operating System & Apps,7200,EUR,2026-06-08,2029-06-07,
43570925449,Drone Operating System & Apps,7200,EUR,2025-12-22,2028-12-21,
43573030664,Drone Operating System & Apps,7200,EUR,2025-12-22,2028-12-21,
43573092123,LIDAR,20800,EUR,2025-12-22,2028-12-21,PC Master Perpetual License
43700975378,LIDAR,34000,,2025-12-31,2028-12-30,PC Master Perpetual License
43570985086,WingtraCare,8925,USD,,,
43570861382,WingtraCare,8925,USD,,,
43570861378,WingtraCare,8925,USD,,,
43570860657,WingtraCare,8925,USD,,,
43423208800,LIDAR,0,,2025-12-19,2028-12-18,PC Master Perpetual License
43539762207,Drone Operating System & Apps,8100,,2025-12-19,2028-12-18,
43396792923,LIDAR,28500,,2025-12-19,2028-12-18,PC Master Perpetual License
43451364023,WingtraCare,10950,USD,2025-01-09,2026-01-09,
43431950402,Drone Operating System & Apps,8800,USD,2026-02-05,2029-02-04,
43433344592,Drone Operating System & Apps,8800,USD,2026-03-11,2029-03-10,
43433800253,WingtraCare,10950,USD,2025-12-31,2026-12-31,
43361171882,WingtraPilot BLU,15300,USD,2026-01-07,2029-01-06,Wingtra Pilot Blue Perpetual
43276098120,WingtraCare,10950,USD,2025-12-16,2026-12-16,
43219022865,Drone Operating System & Apps,8550,,2025-12-19,2028-12-18,
42935545127,Drone Operating System & Apps,0,USD,2026-01-13,2029-01-12,
42935194726,Drone Operating System & Apps,10720,USN,2026-01-27,2029-01-26,
42936732996,Drone Operating System & Apps,0,USD,2025-12-19,2028-12-18,
42865761095,Drone Operating System & Apps,8800,USD,2025-12-23,2028-12-22,
42887676839,Drone Operating System & Apps,8800,USD,2025-12-23,2028-12-22,
42883528617,LIDAR,24000,,2025-12-30,2028-12-29,PC Master Perpetual License
42826840663,Drone Operating System & Apps,8800,,2025-12-10,2028-12-09,
42827154737,Drone Operating System & Apps,8800,,2025-12-15,2028-12-14,
42826837816,Drone Operating System & Apps,8800,,2025-12-30,2028-12-29,
42829437596,Drone Operating System & Apps,8800,USD,2026-02-06,2029-02-05,
42825776231,Drone Operating System & Apps,8800,USD,2025-12-31,2028-12-30,
42829584993,Drone Operating System & Apps,8800,USD,2026-03-31,2029-03-30,
42679522900,WingtraPilot BLU,4165,USD,2025-12-17,2026-12-17,Blue 1 year
42591586356,Drone Operating System & Apps,8800,USD,2025-12-31,2028-12-30,
42585765516,Drone Operating System & Apps,8800,USD,2026-04-01,2029-03-31,
42386331281,LIDAR,34000,USN,2025-12-30,2028-12-29,PC Master Perpetual License
42387695905,LIDAR,25500,,2026-01-12,2029-01-11,PC Master Perpetual License
42286305871,Drone Operating System & Apps,8800,USD,2026-04-09,2029-04-08,
42300245297,Drone Operating System & Apps,8800,USD,2026-04-07,2029-04-06,
42292542752,Drone Operating System & Apps,8800,USD,2025-12-29,2028-12-28,
42286927727,Drone Operating System & Apps,8800,USD,2025-12-11,2028-12-10,
41931673379,Drone Operating System & Apps,8800,USD,2025-12-30,2028-12-29,
41975120440,Drone Operating System & Apps,8800,USD,2025-12-31,2028-12-30,
41949552649,Drone Operating System & Apps,8800,USD,2026-01-12,2029-01-11,
41939999825,WingtraCare,8925,USD,2025-12-18,2026-12-18,
41931052826,Drone Operating System & Apps,8800,,2026-01-22,2029-01-21,
41941546836,WingtraCare,8925,USD,2025-12-17,2026-12-17,
41900345170,Drone Operating System & Apps,8800,USD,2026-03-31,2029-03-30,
41883251122,Drone Operating System & Apps,8800,USD,,,
41820128909,Drone Operating System & Apps,8800,USD,,,
41869641263,Drone Operating System & Apps,8800,USD,,,
41869118208,Drone Operating System & Apps,8800,USD,,,
41890030213,Drone Operating System & Apps,8800,USD,2026-06-18,2029-06-17,
41856674406,Drone Operating System & Apps,8800,USD,,,
41869297680,Drone Operating System & Apps,8800,,,,
41862510177,Drone Operating System & Apps,8800,USD,,,
41889670958,Drone Operating System & Apps,8800,USD,,,
41869644212,Drone Operating System & Apps,8800,USD,,,
41869673032,Drone Operating System & Apps,8800,USD,,,
41869831234,Drone Operating System & Apps,8800,USD,,,
41889659209,Drone Operating System & Apps,8800,USD,,,
41883439381,Drone Operating System & Apps,8800,USD,,,
41868744313,Drone Operating System & Apps,8800,USD,,,
41835102512,Drone Operating System & Apps,8800,USD,,,
41889269822,Drone Operating System & Apps,8800,USD,,,
41788076563,Drone Operating System & Apps,8800,USD,,,
41637411498,WingtraCare,8925,USD,2025-12-02,2026-12-02,
41596436052,Drone Operating System & Apps,8800,USD,2025-12-30,2028-12-29,
41580334513,Drone Operating System & Apps,8800,USD,2025-12-31,2028-12-30,
41532535961,Drone Operating System & Apps,7200,EUR,2025-12-09,2028-12-08,
41330192280,Drone Operating System & Apps,8800,USD,,,
41365018942,Drone Operating System & Apps,8800,USD,,,
41050900657,Drone Operating System & Apps,0,USD,,,
40938568228,WingtraCare,0,USD,,,
40693236993,Drone Operating System & Apps,8800,USD,2025-12-06,2028-12-05,
40663022007,WingtraCare,8925,USD,2025-12-06,2026-12-06,
40694157985,WingtraCare,8925,USD,2025-12-31,2026-12-31,
40510782272,LIDAR,25500,USD,,,PC Master Perpetual License
40057773639,Drone Operating System & Apps,7200,EUR,2026-04-21,2029-04-20,
40058042741,Drone Operating System & Apps,7200,EUR,2025-11-14,2028-11-13,
39939263671,Drone Operating System & Apps,11000,USD,2025-11-20,2028-11-19,
39922520695,WingtraCare,11900,USD,2025-11-20,2026-11-20,
39929877151,Drone Operating System & Apps,7200,EUR,2025-12-19,2028-12-18,
39933316013,Drone Operating System & Apps,7200,EUR,2025-12-19,2028-12-18,
39933310527,WingtraCare,7425,USD,2025-12-20,2026-12-20,
39816036740,Drone Operating System & Apps,0,USD,2025-11-11,2028-11-10,
39810572393,LIDAR,30090,USD,2025-12-04,2028-12-03,PC Master Perpetual License
39449644834,Drone Operating System & Apps,0,USD,,,
39358433569,WingtraCare,7425,USD,2025-11-11,2028-11-11,
39238598744,Drone Operating System & Apps,7650,,2026-01-05,2029-01-04,
38910076208,LIDAR,25500,,2026-01-05,2029-01-04,PC Master Perpetual License
39073008679,LIDAR,8415,USD,2025-10-24,2026-10-24,LIDAR license 12 months
38819474735,LIDAR,8415,USD,2025-11-19,2026-11-19,LIDAR license 12 months
38820916914,WingtraCare,8925,USD,2025-03-21,2028-11-02,
38847599646,WingtraCare,8925,USD,2025-11-10,2026-11-10,
38812650246,Drone Operating System & Apps,8800,,2026-06-05,2029-06-04,
38808462446,Drone Operating System & Apps,8800,,2026-06-05,2029-06-04,
38808820139,Drone Operating System & Apps,8800,,2026-06-18,2029-06-17,
38812670888,Drone Operating System & Apps,8800,,2026-01-28,2029-01-27,
38756900730,Drone Operating System & Apps,8800,,2026-01-06,2029-01-05,
38810899587,Drone Operating System & Apps,8800,,2026-03-30,2029-03-29,
38558130753,Drone Operating System & Apps,6750,EUR,2025-12-30,2028-12-29,
38557460344,WingtraPilot BLU,4165,USD,,,Blue 1 year
38359892818,Drone Operating System & Apps,8800,,,,
38175158926,Drone Operating System & Apps,8800,,2025-12-31,2028-12-30,
38334249541,Drone Operating System & Apps,8800,,2026-05-29,2029-05-28,
38298912020,Drone Operating System & Apps,8800,,2026-03-04,2029-03-03,
38301161262,Drone Operating System & Apps,8800,,2026-04-07,2029-04-06,
38229911860,Drone Operating System & Apps,8800,,2026-03-02,2029-03-01,
38186150179,Drone Operating System & Apps,8800,,2026-02-05,2029-02-04,
38220986981,Drone Operating System & Apps,8800,,2026-02-06,2029-02-05,
38322328357,Drone Operating System & Apps,8800,,2026-05-29,2029-05-28,
38337547089,Drone Operating System & Apps,8800,,2026-05-15,2029-05-14,
38347564634,Drone Operating System & Apps,8800,,2026-05-27,2029-05-26,
38280659722,Drone Operating System & Apps,8800,,2026-03-17,2029-03-16,
38184059782,Total Maintenance Plan,11250,USD,,,TMP+
38174073664,LIDAR,0,,,,PC Master Perpetual License
38174124471,LIDAR,0,USD,,,PC Master Perpetual License
38136135338,LIDAR,0,USD,,,PC Master Perpetual License
38152273795,LIDAR,0,USD,,,PC Master Perpetual License
38157832195,LIDAR,0,USD,,,PC Master Perpetual License
37699871748,LIDAR,0,USN,,,PC Master Perpetual License
37454092373,LIDAR,0,USD,,,LIDAR license 12 months
36708668289,LIDAR,29662.38,USD,2025-10-29,2028-10-28,PC Master Perpetual License
36314524189,LIDAR,8415,USD,,,LIDAR license 12 months
36288415584,LIDAR,8415,USD,,,LIDAR license 12 months
36253236869,LIDAR,0,,,,
36174929494,Drone Operating System & Apps,8800,USD,2025-12-19,2028-12-18,
36200836204,Drone Operating System & Apps,8800,USD,,,
36087031176,Drone Operating System & Apps,8800,USD,2025-12-17,2028-12-16,
36059442473,Drone Operating System & Apps,8800,USD,2025-12-08,2028-12-07,
36089236395,Drone Operating System & Apps,8800,USD,2025-12-30,2028-12-29,
36086190478,Drone Operating System & Apps,8800,USD,2025-12-08,2028-12-07,
36086987677,WingtraPilot BLU,12495,USD,,,Wingtra Pilot Blue Perpetual
35848311923,WingtraCare,8925,USD,2025-10-02,2028-10-01,
35793249370,WingtraCare,8925,USD,2026-04-02,2027-04-02,
35831352949,WingtraCare,8925,USD,2026-04-08,2027-04-08,
35800963223,WingtraCare,8925,USD,,,
35799659370,Drone Operating System & Apps,0,,2025-10-01,2028-09-30,
35670592032,Drone Operating System & Apps,8800,USD,2025-12-04,2028-12-03,
35744534434,Drone Operating System & Apps,8800,USD,2025-12-30,2028-12-29,
35767405436,Drone Operating System & Apps,8800,USD,2025-12-05,2028-12-04,
35733277547,Drone Operating System & Apps,8800,USD,2025-12-30,2028-12-29,
35668734503,WingtraPilot BLU,12495,USD,2026-04-13,2029-04-12,Wingtra Pilot Blue Perpetual
35652887693,Drone Operating System & Apps,8800,USD,2025-09-30,2028-09-29,
35727055468,Drone Operating System & Apps,8800,,2025-12-09,2028-12-08,
35598577755,Drone Operating System & Apps,8800,USD,2025-11-26,2028-11-25,
35627055544,Drone Operating System & Apps,8800,USD,2025-12-09,2028-12-08,
35594212428,LIDAR,16830,USD,2025-09-30,2026-09-30,LIDAR license 12 months
35349932913,WingtraCare,8925,USD,2025-09-24,2026-09-24,
35214812521,Drone Operating System & Apps,0,,,,
35285628695,Drone Operating System & Apps,7200,EUR,2026-01-29,2029-01-28,
35297207351,Drone Operating System & Apps,7200,EUR,2025-10-29,2028-10-28,
35299906971,LIDAR,8415,USD,2025-12-18,2026-12-18,LIDAR license 12 months
35294951041,WingtraCare,7425,USD,,,
35288332959,WingtraCare,7425,USD,2026-04-09,2028-04-08,
35294795629,Drone Operating System & Apps,7200,EUR,2025-10-28,2028-10-27,
35286783633,Drone Operating System & Apps,7200,EUR,2025-10-21,2028-10-20,
35217525832,WingtraCare,8925,USD,2025-10-28,2026-10-28,
34961997240,Drone Operating System & Apps,8800,USD,2026-03-27,2029-03-26,
34969119813,Drone Operating System & Apps,8800,USD,2026-05-06,2029-05-05,
34862179647,WingtraPilot BLU,0,,,,Wingtra Pilot Blue Perpetual
34914816320,WingtraPilot BLU,0,,,,Blue 1 year
34804598136,WingtraPilot BLU,0,,,,Blue 1 year
34871839672,Drone Operating System & Apps,8800,,2025-12-18,2028-12-17,
34855823369,Drone Operating System & Apps,8800,,2025-10-31,2028-10-30,
34859260533,Drone Operating System & Apps,8800,,2025-12-19,2028-12-18,
34865100889,Drone Operating System & Apps,8800,,2025-11-21,2028-11-20,
34855359509,WingtraCare,8925,USD,2025-09-30,2026-09-30,
34855823230,WingtraCare,8925,USD,2025-09-23,2026-09-23,
34853034926,WingtraPilot BLU,12495,USD,2025-10-09,2028-10-08,Wingtra Pilot Blue Perpetual
34808568713,Drone Operating System & Apps,8800,USD,2025-11-03,2028-11-02,
34509674897,LIDAR,8415,USD,2025-10-28,2026-10-28,LIDAR license 12 months
34575244973,Drone Operating System & Apps,0,USD,,,
34579601454,Drone Operating System & Apps,0,USD,,,
34531602186,Drone Operating System & Apps,0,,2025-09-08,2028-09-07,
34502952245,Drone Operating System & Apps,8800,USD,2026-06-27,2029-06-26,
34413108873,LIDAR,13005,EUR,2025-09-16,2028-09-15,PC Master Perpetual License
34486080798,Drone Operating System & Apps,0,USD,,,
34478590582,Drone Operating System & Apps,0,USD,,,
34390288731,Drone Operating System & Apps,8800,USD,2025-12-09,2028-12-08,
34384878203,Drone Operating System & Apps,8800,USD,,,
34302168139,WingtraCare,8925,USD,2025-09-30,2028-09-29,
34330065728,WingtraCare,8925,USD,2025-12-23,2026-12-23,
34328896866,WingtraCare,8925,USD,2025-12-10,2026-12-10,
34331248669,WingtraCare,8925,USD,2025-09-30,2028-09-29,
34218526780,LIDAR,8415,USD,2025-10-28,2026-10-28,LIDAR license 12 months
34091923124,LIDAR,0,,2025-09-05,2028-09-04,PC Master Perpetual License
34075939936,Drone Operating System & Apps,8800,USD,2025-11-26,2028-11-25,
34071076277,Drone Operating System & Apps,8800,USD,2025-12-03,2029-02-18,
34074860831,Drone Operating System & Apps,8800,USD,2025-09-30,2028-09-29,
34071540348,Drone Operating System & Apps,8800,USD,2025-11-25,2028-11-24,
34058592904,Drone Operating System & Apps,8800,USD,2025-12-19,2028-12-18,
34061498153,Drone Operating System & Apps,8800,USD,2025-09-30,2028-09-29,
34071540338,Drone Operating System & Apps,8800,USD,2025-12-17,2028-12-16,
34071230351,Drone Operating System & Apps,8800,USD,2025-09-30,2028-09-29,
34072467381,Drone Operating System & Apps,8800,USD,2025-10-28,2028-10-27,
34058127732,Drone Operating System & Apps,8800,USD,2025-10-09,2028-10-08,
34057197948,Drone Operating System & Apps,8800,USD,2025-10-31,2028-10-30,
34066212417,Drone Operating System & Apps,8800,USD,2025-10-24,2028-10-23,
34067210632,Drone Operating System & Apps,8800,USD,2025-12-31,2028-12-30,
34058592582,Drone Operating System & Apps,8800,USD,2025-12-30,2028-12-29,
34059181708,Drone Operating System & Apps,8800,USD,2025-12-16,2028-12-15,
34071075689,Drone Operating System & Apps,8800,USD,2025-11-24,2028-11-23,
34073085234,Drone Operating System & Apps,8800,USD,2025-12-19,2028-12-18,
34059491132,Drone Operating System & Apps,8800,USD,2025-12-03,2028-12-02,
34067364915,Drone Operating System & Apps,8800,USD,2025-09-30,2028-09-29,
34062427523,Drone Operating System & Apps,8800,USD,2025-12-31,2028-12-30,
34063510637,Drone Operating System & Apps,8800,USD,2025-12-19,2028-12-18,
34066675809,Drone Operating System & Apps,8800,USD,2025-12-09,2028-12-08,
33991170339,Drone Operating System & Apps,8800,USD,2025-11-26,2028-11-25,
34019834497,Drone Operating System & Apps,8800,USD,2026-03-11,2029-03-10,
34018607967,Drone Operating System & Apps,8800,USD,2025-09-30,2028-09-29,
34013440678,Drone Operating System & Apps,8800,USD,2026-03-16,2029-03-15,
33990394041,Drone Operating System & Apps,8800,USD,2025-12-18,2028-12-17,
34000892521,Drone Operating System & Apps,8800,USD,2026-04-21,2029-04-20,
34017138958,Drone Operating System & Apps,8800,USD,2025-12-31,2028-12-30,
34016989999,Drone Operating System & Apps,8800,USD,2025-12-11,2028-12-10,
33991473967,Drone Operating System & Apps,8800,USD,2025-11-06,2028-11-05,
34001653539,Drone Operating System & Apps,8800,USD,2025-11-05,2028-11-04,
34007394056,Drone Operating System & Apps,8800,USD,2025-11-05,2028-11-04,
34019828806,Drone Operating System & Apps,8800,USD,2025-12-29,2028-12-28,
33999527680,Drone Operating System & Apps,8800,USD,2025-10-29,2028-10-28,
34007547183,Drone Operating System & Apps,8800,USD,2025-12-09,2028-12-08,
34019673688,Drone Operating System & Apps,8800,USD,2025-12-24,2028-12-23,
34018541649,Drone Operating System & Apps,8800,USD,2025-11-25,2028-11-24,
34019785627,Drone Operating System & Apps,8800,USD,2025-12-23,2028-12-22,
33989937711,Drone Operating System & Apps,8800,USD,2025-12-18,2028-12-17,
33997353243,Drone Operating System & Apps,8800,USD,2026-04-10,2029-04-09,
33989937708,Drone Operating System & Apps,8800,USD,2026-02-16,2029-02-15,
34018541607,Drone Operating System & Apps,8800,USD,2026-01-23,2029-01-22,
34006470214,Drone Operating System & Apps,8800,USD,2026-04-10,2029-04-09,
34018361090,Drone Operating System & Apps,8800,USD,2025-12-24,2028-12-23,
34019828635,Drone Operating System & Apps,8800,USD,2025-12-24,2028-12-23,
34007393626,Drone Operating System & Apps,8800,USD,2025-11-19,2028-11-18,
33971469477,Drone Operating System & Apps,8800,USD,2025-12-23,2028-12-22,
33968877145,Drone Operating System & Apps,8800,USD,,,
33957432873,Drone Operating System & Apps,8800,USD,2025-09-29,2028-09-28,
33957917327,Drone Operating System & Apps,8800,USD,2025-12-19,2028-12-18,
33958266682,Drone Operating System & Apps,8800,USD,2025-12-16,2028-12-15,
33797889037,WingtraCare,7425,USD,2025-08-04,2026-08-04,
33541138029,Drone Operating System & Apps,8800,USD,,,
33530878996,Drone Operating System & Apps,8800,USD,2025-10-27,2028-10-26,
33540966947,Drone Operating System & Apps,8800,USD,2025-10-21,2028-10-20,
33552361492,Drone Operating System & Apps,8800,USD,2025-12-01,2028-11-30,
33534706324,Drone Operating System & Apps,7200,EUR,2025-09-30,2028-09-29,
33513183928,Drone Operating System & Apps,7200,EUR,2025-09-16,2028-09-15,
33483573007,Drone Operating System & Apps,7200,EUR,2026-05-19,2029-05-18,
33485188647,Drone Operating System & Apps,7200,EUR,2026-05-13,2029-05-12,
33481617540,Drone Operating System & Apps,7200,EUR,2025-09-12,2028-09-11,
33313099110,Drone Operating System & Apps,0,,2025-04-22,2028-04-21,
33247052937,WingtraCare,7425,USD,2023-05-10,2024-05-09,
33114938729,Drone Operating System & Apps,0,,,,
33163531851,WingtraCare,0,USD,2025-08-20,2028-08-19,
33082416790,Drone Operating System & Apps,7200,EUR,2025-08-28,2028-08-27,
32770389102,Drone Operating System & Apps,8800,USD,2025-11-18,2028-11-17,
32775033767,Drone Operating System & Apps,8800,USD,2025-12-05,2028-12-04,
32774414216,Drone Operating System & Apps,8800,USD,2026-02-25,2029-02-24,
32761609312,Drone Operating System & Apps,8800,USD,2025-12-19,2028-12-18,
32758237702,Drone Operating System & Apps,8800,USD,2025-12-12,2028-12-11,
32777951893,Drone Operating System & Apps,8800,USD,,,
32776892030,Drone Operating System & Apps,8800,USD,,,
32767600913,Drone Operating System & Apps,8800,USD,2025-12-31,2028-12-30,
32774879792,Drone Operating System & Apps,8800,USD,2025-09-29,2028-09-28,
32763310957,Drone Operating System & Apps,8800,USD,2025-09-29,2028-09-28,
32779963965,Drone Operating System & Apps,8800,USD,2025-10-02,2028-10-01,
32777202248,Drone Operating System & Apps,8800,USD,2026-04-07,2029-04-06,
32726380554,Drone Operating System & Apps,8800,USD,2025-09-29,2028-09-28,
32754489433,Drone Operating System & Apps,8800,USD,2025-09-29,2028-09-28,
32728296076,WingtraPilot BLU,0,,2025-08-07,2028-08-06,Wingtra Pilot Blue Perpetual
32528378698,WingtraPilot BLU,0,,2025-08-13,2028-08-12,
32381715895,Drone Operating System & Apps,8800,USD,2025-12-10,2028-12-09,
32421305652,Drone Operating System & Apps,8800,USD,2025-09-30,2028-09-29,
32315969594,Drone Operating System & Apps,8800,USD,2026-01-01,2028-12-31,
32338049565,Drone Operating System & Apps,8800,USD,2026-03-23,2029-03-22,
32338063368,Drone Operating System & Apps,8800,USD,2025-10-08,2028-10-07,
32343500440,Drone Operating System & Apps,8800,USD,2025-10-27,2028-10-26,
32338111812,Drone Operating System & Apps,8800,USD,2025-10-21,2028-10-20,
32340412760,Drone Operating System & Apps,8800,USD,2025-11-26,2028-11-25,
32316106139,Drone Operating System & Apps,7200,EUR,2025-09-16,2028-09-15,
32197708626,Drone Operating System & Apps,8800,USD,2025-08-22,2028-08-21,
32095079178,Drone Operating System & Apps,8800,USD,2025-12-29,2028-12-28,
32103101546,Drone Operating System & Apps,8800,USD,,,
32052847110,LIDAR,0,USD,,,LIDAR license 12 months
31967403134,Drone Operating System & Apps,8800,USD,,,
31964460375,Drone Operating System & Apps,8800,USD,,,
31277911858,WingtraCare,7425,USD,2025-07-26,2026-07-26,
31294495131,WingtraCare,7425,USD,2026-07-23,2027-07-23,
31270661155,LIDAR,0,,,,
31204555855,WingtraCare,0,USD,,,
31198115640,WingtraCare,0,USD,,,
31172751756,Drone Operating System & Apps,8800,USD,2025-09-02,2028-09-01,
31171671436,Drone Operating System & Apps,8800,USD,2025-09-04,2028-09-03,
31027824901,WingtraCare,14850,USD,2025-08-13,2026-08-13,
31046405237,WingtraCare,7425,,,,
30940787550,WingtraCare,7425,USD,,,
30940787517,WingtraPilot BLU,4165,USD,2025-08-11,2026-08-11,Blue 1 year
30943454220,WingtraPilot BLU,4165,USD,2025-08-11,2026-08-11,Blue 1 year
30906702854,WingtraCare,7425,USD,2025-07-17,2026-07-17,
30871636253,WingtraCare,0,USD,2025-07-01,2026-07-01,
30869034404,Drone Operating System & Apps,0,CHF,,,
30734917711,Drone Operating System & Apps,8800,USD,2025-09-02,2028-09-01,
30618031895,Drone Operating System & Apps,8800,USD,2025-07-11,2028-07-10,
30578194558,LIDAR,31215,EUR,2025-07-14,2028-07-13,PC Master Perpetual License
30510020234,Drone Operating System & Apps,8800,USD,2025-08-11,2028-08-10,
30498265670,Drone Operating System & Apps,8800,USD,2025-08-08,2028-08-07,
30471969935,Drone Operating System & Apps,8800,USD,2025-10-06,2028-10-05,
30479881827,Drone Operating System & Apps,8800,USD,,,
30479916632,Drone Operating System & Apps,8800,USD,2025-09-15,2028-09-14,
30478814623,Drone Operating System & Apps,8800,USD,2025-09-18,2028-09-17,
30317360654,Drone Operating System & Apps,0,,,,
30317360650,Drone Operating System & Apps,0,,2025-04-08,2028-04-07,
30317360521,Drone Operating System & Apps,0,,2025-07-07,2028-07-06,
30292964111,Drone Operating System & Apps,0,USD,,,
30283935112,Drone Operating System & Apps,8800,USD,2025-12-24,2028-12-23,
30232079876,WingtraCare,7425,USD,2025-06-26,2026-06-26,
30234320015,WingtraCare,7425,USD,2025-08-20,2026-08-19,
30219768443,Drone Operating System & Apps,8800,USD,2025-09-26,2028-09-25,
30232101026,Drone Operating System & Apps,8800,USD,2025-09-23,2028-09-22,
30221422356,Drone Operating System & Apps,8800,USD,2025-09-26,2028-09-25,
30218839928,Drone Operating System & Apps,8800,USD,2025-09-25,2028-09-24,
30234280527,Drone Operating System & Apps,8800,USD,2025-07-22,2028-07-21,
30225101411,Drone Operating System & Apps,8800,USD,2025-09-24,2028-09-23,
30209141637,Drone Operating System & Apps,8800,USD,2025-09-05,2028-09-04,
30219594769,Drone Operating System & Apps,8800,USD,2025-07-22,2028-07-21,
30174021521,Drone Operating System & Apps,8800,USD,2025-07-11,2028-07-10,
30174140571,Drone Operating System & Apps,8800,USD,2025-07-11,2028-07-10,
30175583245,Drone Operating System & Apps,8800,USD,2025-07-11,2028-07-10,
30174070335,Drone Operating System & Apps,8800,USD,2025-07-11,2028-07-10,
30167522446,Drone Operating System & Apps,8800,USD,2025-07-24,2028-07-23,
30170877751,Drone Operating System & Apps,8800,USD,2025-07-14,2028-07-13,
30150440470,Drone Operating System & Apps,8800,USD,2025-07-11,2028-07-10,
30066076548,Drone Operating System & Apps,0,,2025-06-30,2025-06-10,RAY
30070487966,Drone Operating System & Apps,0,CHF,2025-04-22,2028-04-21,
30119788109,Drone Operating System & Apps,7200,EUR,2025-08-08,2028-08-07,
29952671106,WingtraPilot BLU,12495,USD,2025-08-18,2028-08-17,Wingtra Pilot Blue Perpetual
29950148122,WingtraPilot BLU,12495,USD,2025-07-29,2028-07-28,Wingtra Pilot Blue Perpetual
29952747864,WingtraPilot BLU,12495,USD,2025-06-30,2028-06-30,Wingtra Pilot Blue Perpetual
29944706635,WingtraPilot BLU,12495,USD,2025-08-18,2028-08-17,Wingtra Pilot Blue Perpetual
29935175948,Drone Operating System & Apps,8800,USD,2025-12-31,2028-12-30,
29935175947,Drone Operating System & Apps,8800,USD,2025-12-31,2028-12-30,
29907459106,LIDAR,0,USD,,,LIDAR license 12 months
29903270707,Drone Operating System & Apps,7200,EUR,,,
29899563338,Drone Operating System & Apps,7200,EUR,2025-10-22,2028-10-21,
29899563336,Drone Operating System & Apps,7200,EUR,2025-10-22,2028-10-21,
29871603738,Drone Operating System & Apps,8800,USD,2025-09-01,2028-09-01,
29762925653,WingtraCare,7425,USD,2025-06-24,2026-06-24,
29657949033,LIDAR,33660,USD,2025-07-23,2028-07-22,PC Master Perpetual License
29657590587,LIDAR,33660,USD,2025-07-23,2028-07-22,PC Master Perpetual License
29587828580,WingtraCare,7425,USD,2025-06-17,2026-06-17,
29549488706,Total Maintenance Plan,10687.5,USD,2027-07-07,2028-07-06,TMP+
29413924017,WingtraCare,7425,USD,2025-03-28,2026-03-28,
29409228057,WingtraCare,7425,USD,,,
29413082249,WingtraCare BLU,19125,USD,2025-06-25,2028-06-25,
29408734797,WingtraPilot BLU,4165,USD,2025-06-25,2026-06-25,Blue 1 year
29291020816,Drone Operating System & Apps,0,CHF,,,
29299004579,Drone Operating System & Apps,0,CHF,,,
29299240526,Drone Operating System & Apps,0,CHF,,,
29217851394,WingtraCare,7425,USD,2025-03-31,2026-03-31,
29099751067,WingtraCare,7425,USD,2025-02-21,2027-02-21,
29030089585,Drone Operating System & Apps,0,,,,
28520537927,LIDAR,8415,USD,2025-06-05,2026-06-05,LIDAR license 12 months
28558624835,WingtraCare,7425,USD,2025-10-17,2026-10-17,
28380550754,WingtraCare,7425,USD,2025-06-20,2026-06-20,
28019008283,WingtraCare,7425,USD,2026-05-14,2027-05-14,
28019090602,WingtraCare,7425,USD,2025-06-02,2026-06-02,
28015782033,LIDAR,8415,USD,2025-05-19,2026-07-20,LIDAR license 12 months
27850326026,WingtraCare,14850,USD,2025-01-22,2028-01-22,
27765701020,LIDAR,32640,EUR,2025-06-13,2028-06-12,PC Master Perpetual License
27745880180,WingtraCare,7425,USD,2025-12-25,2026-12-25,
27762978448,LIDAR,27126,USD,2025-05-14,2028-05-13,PC Master Perpetual License
27729766675,WingtraCare,7425,USD,2025-05-15,2026-05-15,
27682925699,WingtraCare,7425,USD,,,
27575245217,LIDAR,8415,USD,2025-09-18,2026-09-18,LIDAR license 12 months
27573849133,WingtraCare,7425,USD,2025-06-10,2026-06-10,
27574566502,WingtraCare,7425,USD,,,
27294646339,WingtraCare,4950,USD,2025-04-30,2026-04-30,
27180917322,WingtraCare,7425,USD,2025-05-05,2026-05-05,
27197744699,LIDAR,21165,USD,2025-12-04,2028-12-03,PC Master Perpetual License
27191767635,WingtraCare,7425,USD,2025-04-24,2026-04-24,
27186185265,LIDAR,21165,USD,2025-12-02,2028-12-01,PC Master Perpetual License
27198055477,LIDAR,8415,USD,2025-06-02,2026-06-02,LIDAR license 12 months
27183540852,LIDAR,8415,USD,2026-02-11,2029-02-10,PC Master Perpetual License
26800227126,WingtraCare,7425,USD,2025-09-17,2026-09-17,
26773658470,WingtraPilot BLU,0,,2025-04-23,2028-04-22,Wingtra Pilot Blue Perpetual
26710075302,LIDAR,0,,,,
26679467296,WingtraCare,7425,USD,2025-06-05,2026-06-05,
26395340704,WingtraCare,7425,USD,2026-04-28,2027-04-28,
26362818151,WingtraCare,7425,USD,,,
26339475209,Total Maintenance Plan,36225,USD,2023-12-27,2027-12-26,TMP+
26062619478,LIDAR,8415,USD,2026-03-31,2027-03-31,LIDAR license 12 months
26040740681,LIDAR,33660,USD,2025-06-30,2028-06-29,PC Master Perpetual License
26062199192,LIDAR,8415,USD,2026-01-29,2027-01-29,LIDAR license 12 months
26062601299,LIDAR,8415,USD,2025-09-23,2026-09-23,LIDAR license 12 months
26005610246,LIDAR,0,USD,,,LIDAR license 12 months
26030937704,LIDAR,8415,USD,,,LIDAR license 12 months
26036426052,LIDAR,8415,USD,2025-07-22,2026-07-22,LIDAR license 12 months
26005602312,LIDAR,8415,USD,2026-04-05,2027-04-05,LIDAR license 12 months
25963955039,WingtraCare,7425,USD,2025-04-20,2026-04-20,
25901174554,WingtraCare,7425,USD,2025-04-02,2026-04-02,
25862106139,WingtraCare,7425,USD,,,
25676775180,WingtraCare,7425,USD,,,
25678631746,WingtraCare,17325,USD,2025-04-24,2028-04-23,
25689074311,WingtraCare,7425,USD,,,
25689398623,WingtraCare,7425,USD,2025-06-05,2026-06-05,
25657689864,WingtraCare,7425,USD,2024-10-02,2025-10-02,
25613186821,WingtraCare,7425,USD,2025-03-21,2026-03-21,
25568582476,LIDAR,8415,USD,,,LIDAR license 12 months
25416160021,LIDAR,8415,USD,2025-05-27,2026-05-27,LIDAR license 12 months
25374500002,WingtraCare,7425,USD,2025-03-19,2026-03-19,
25263301031,LIDAR,33660,USD,2025-08-13,2028-08-12,PC Master Perpetual License
25261313105,LIDAR,8415,USD,2025-04-23,2026-04-23,LIDAR license 12 months
25241119336,WingtraCare,7425,USD,2024-12-20,2025-12-20,
25257719081,WingtraCare,7425,USD,2025-01-10,2026-01-10,
25082039362,WingtraCare,7425,USD,2025-03-20,2026-03-20,
25007972636,WingtraCare,7425,USD,2025-01-20,2026-01-20,
24867028229,LIDAR,8415,USD,2025-04-07,2026-04-07,LIDAR license 12 months
24860166061,WingtraCare,18375,USD,2025-03-06,2027-03-06,
24875717536,WingtraCare,7425,USD,2025-03-01,2026-03-01,
24839676298,WingtraCare,14850,USD,2025-03-12,2026-03-11,
24740184874,WingtraCare,7425,USD,2024-10-13,2025-10-13,
24731759678,LIDAR,8415,USD,2025-04-07,2026-04-07,LIDAR license 12 months
24743196835,WingtraPilot BLU,4165,USD,,,Blue 1 year
24576455184,LIDAR,33660,USD,2025-03-11,2028-03-10,PC Master Perpetual License
24445977125,WingtraCare,7425,USD,2025-02-18,2026-02-18,
24445898296,LIDAR,8415,USD,,,LIDAR license 12 months
24057326391,WingtraCare,7425,USD,2025-02-14,2026-02-14,
23912228502,WingtraCare,7425,USD,2025-01-16,2026-01-16,
23678905159,LIDAR,0,CHF,,,LIDAR license 12 months
23685488969,LIDAR,8415,USD,2025-02-07,2027-02-07,LIDAR license 12 months
23367286389,LIDAR,8415,USD,2025-03-18,2026-03-18,LIDAR license 12 months
23368684913,LIDAR,8415,USD,2025-04-02,2027-04-02,LIDAR license 12 months
23365448860,WingtraCare,7425,USD,2025-03-18,2026-03-18,
23359758656,WingtraCare,7425,USD,2025-01-31,2026-01-31,
23364367019,WingtraCare,7425,USD,2025-01-31,2026-01-31,
23296666263,LIDAR,8415,USD,2025-02-28,2026-02-28,LIDAR license 12 months
23306557337,WingtraCare,7425,USD,2025-01-30,2026-01-30,
22396458632,WingtraCare,7425,USD,2025-02-07,2027-02-07,
22396318798,LIDAR,8415,USD,2025-09-29,2026-09-29,LIDAR license 12 months
22388994865,LIDAR,16830,USD,2025-01-21,2027-01-21,LIDAR license 12 months
22225816615,WingtraCare,7425,USD,2025-01-08,2026-01-08,
22196451231,WingtraCare,7425,USD,2025-01-08,2026-01-08,
22196451230,WingtraCare,14850,USD,2024-05-07,2026-05-07,
22012986193,WingtraCare,7425,USD,2024-12-18,2025-12-18,
22003783032,WingtraCare,7425,USD,2024-12-27,2025-12-27,
21957390954,WingtraCare,7425,USD,,,
21950459697,WingtraCare,7425,USD,2025-04-16,2026-04-15,
21808938786,WingtraCare,0,EUR,2025-01-06,2026-01-06,
21609808725,LIDAR,8415,USD,2025-06-16,2026-06-16,LIDAR license 12 months
21600876458,WingtraCare,7425,USD,2024-11-22,2025-11-21,
21603387307,WingtraCare,4950,USD,2025-02-27,2027-02-26,
21531318086,WingtraCare BLU,19125,USD,2025-01-28,2028-01-28,
21536994577,WingtraPilot BLU,12495,USD,2025-01-28,2028-01-28,Wingtra Pilot Blue Perpetual
21551169110,LIDAR,8415,USD,,,LIDAR license 12 months
21539037985,LIDAR,29665,USD,2025-10-15,2026-10-15,LIDAR license 12 months
21540277067,LIDAR,8415,USD,,,LIDAR license 12 months
21534570625,LIDAR,16830,USD,2024-12-30,2026-12-30,LIDAR license 12 months
21531936167,LIDAR,8415,USD,2025-07-07,2026-07-07,LIDAR license 12 months
21540433568,LIDAR,8415,USD,2025-02-03,2026-02-03,LIDAR license 12 months
21534981741,WingtraPilot BLU,4165,USD,2025-02-06,2026-02-06,Blue 1 year
21503033471,LIDAR,29665,USD,2025-02-26,2028-02-26,LIDAR Perpertual
21503350679,LIDAR,8415,USD,2024-12-27,2025-12-27,LIDAR license 12 months
21508849301,WingtraCare,6930,USD,2024-10-28,2025-10-28,
21387018287,WingtraCare,18375,USD,2025-12-13,2026-12-13,
21380392751,WingtraCare,18375,USD,2024-12-13,2026-12-13,
21379310140,WingtraCare,7425,USD,2025-06-13,2026-06-13,
21392301358,LIDAR,16830,USD,2025-01-24,2027-01-24,LIDAR license 12 months
21380374837,WingtraPilot BLU,12495,USD,2025-05-19,2028-05-18,Wingtra Pilot Blue Perpetual
21378823963,WingtraPilot BLU,12495,USD,2025-02-06,2028-02-06,Wingtra Pilot Blue Perpetual
21270495800,LIDAR,8415,USD,2025-01-02,2026-01-02,LIDAR license 12 months
21054422416,Total Maintenance Plan,11250,USD,2024-09-29,2025-09-29,TMP+
21042849175,LIDAR,16830,USD,2026-02-17,2027-02-17,LIDAR license 12 months
21032605700,WingtraCare,23775,USD,2024-12-16,2026-12-16,
21034196642,LIDAR,33660,USD,2025-06-19,2028-06-18,PC Master Perpetual License
21034661150,LIDAR,33660,USD,2025-09-29,2028-09-28,PC Master Perpetual License
21024619032,LIDAR,38115,USD,2025-07-15,2028-07-14,PC Master Perpetual License
20987181631,LIDAR,8415,USD,2025-10-21,2026-10-21,LIDAR license 12 months
20878499953,LIDAR,33660,USD,2024-12-27,2027-12-27,PC Master Perpetual License
20896865042,WingtraCare,16350,USD,2025-12-27,2027-12-27,
20875305769,WingtraCare,16350,USD,2025-03-12,2027-03-12,
20814474877,WingtraCare,7425,USD,2025-01-08,2026-01-08,
20808118099,LIDAR,33660,USD,,,PC Master Perpetual License
20815015692,LIDAR,21165,USD,2025-12-08,2028-12-07,PC Master Perpetual License
20819710736,LIDAR,33660,USD,2025-04-01,2028-03-31,PC Master Perpetual License
20700791382,LIDAR,33660,USD,2025-02-24,2028-02-24,PC Master Perpetual License
20681838767,LIDAR,33660,USD,2025-02-24,2028-02-24,PC Master Perpetual License
20697463930,LIDAR,33660,USD,2025-02-24,2028-02-24,PC Master Perpetual License
20699769017,LIDAR,33660,USD,2025-02-24,2028-02-24,PC Master Perpetual License
20702845813,LIDAR,33660,USD,2025-02-24,2028-02-24,PC Master Perpetual License
20700999969,LIDAR,33660,USD,2025-02-21,2028-02-21,PC Master Perpetual License
20701907371,LIDAR,33660,USD,2025-02-21,2028-02-21,PC Master Perpetual License
20435277073,WingtraCare,4950,EUR,2025-01-08,2026-01-07,
20414607271,WingtraCare,14850,USD,2024-12-03,2026-12-03,
20410490667,WingtraCare,4950,EUR,2025-03-17,2026-03-17,
20394602338,LIDAR,38115,USD,2025-01-08,2028-01-08,PC Master Perpetual License
20202651735,LIDAR,29665,USD,2024-12-10,2026-12-10,LIDAR license 12 months
20202874539,WingtraCare,6930,USD,2024-11-26,2025-11-26,
20025982635,LIDAR,33660,USD,2024-11-27,2027-11-27,PC Master Perpetual License
20022390140,WingtraCare,19800,EUR,2023-08-08,2025-08-07,
19963228961,LIDAR,0,USD,,,LIDAR license 12 months
19735356169,WingtraCare,12375,EUR,2024-12-06,2025-12-06,
19714811931,WingtraCare,14850,USD,2024-04-14,2026-04-14,
19654846308,Total Maintenance Plan,3750,USD,,,TMP+
19654845757,LIDAR,0,USD,,,LIDAR license 12 months
19654845731,LIDAR,0,USD,,,PC Master Perpetual License
19606377349,LIDAR,8415,USD,2025-01-07,2026-01-07,LIDAR license 12 months
19596236664,WingtraCare,7425,USD,2024-09-14,2025-09-14,
19616190761,WingtraCare,7425,USD,2024-05-02,2025-05-02,
19578196010,LIDAR,33660,USD,2025-01-16,2028-01-16,PC Master Perpetual License
19574457622,LIDAR,33660,USD,2025-01-08,2028-01-08,PC Master Perpetual License
19465684820,Total Maintenance Plan,3329.46,CHF,2024-11-08,2025-11-08,TMP+
19419612710,Total Maintenance Plan,41250,USD,2023-05-09,2026-05-08,TMP+
19349343557,WingtraCare,7425,USD,2024-11-05,2025-11-05,
19184191897,LIDAR,33660,USD,2025-03-05,2028-03-04,PC Master Perpetual License
18999616686,LIDAR,33660,USD,2025-03-31,2028-03-30,PC Master Perpetual License
18999616681,LIDAR,71910,USD,2024-10-29,2027-10-29,PC Master Perpetual License
19069771630,WingtraCare,4037.5,EUR,2024-09-19,2025-09-19,
18918505654,WingtraPilot BLU,4165,USD,2024-12-03,2025-12-03,Blue 1 year
18922501641,WingtraPilot BLU,4165,USD,2024-12-03,2025-12-03,Blue 1 year
18888331314,LIDAR,8415,CHF,,,LIDAR license 12 months
18881801073,WingtraPilot BLU,4165,USD,2024-10-24,2025-10-24,Blue 1 year
18844330881,WingtraCare,7425,USD,2024-10-22,2025-10-22,
18848852630,Total Maintenance Plan,11250,USD,2024-11-13,2025-11-13,TMP+
17180709777,WingtraCare,19800,EUR,2024-10-02,2025-10-02,
16823319837,Total Maintenance Plan,11250,USD,,,TMP+
16632886050,LIDAR,32640,EUR,2024-12-23,2027-12-23,PC Master Perpetual License
16632739965,LIDAR,8415,USD,2024-12-18,2025-12-18,LIDAR license 12 months
16589125971,Total Maintenance Plan,3465,USD,2024-09-27,2025-09-27,TMP+
16270122667,LIDAR,31215,EUR,2024-11-15,2027-11-15,PC Master Perpetual License
16266973971,WingtraCare,0,EUR,2026-11-15,2027-11-15,
16253592406,WingtraPilot BLU,4165,USD,2024-10-04,2025-10-04,Blue 1 year
16248376720,WingtraPilot BLU,12495,USD,2024-10-09,2027-10-09,Wingtra Pilot Blue Perpetual
16145751902,LIDAR,32415,EUR,2025-03-05,2028-03-04,PC Master Perpetual License
16078693291,WingtraPilot BLU,12495,USD,,,Wingtra Pilot Blue Perpetual
16015093141,LIDAR,16830,USD,2024-09-27,2027-09-27,LIDAR license 12 months
15996319287,WingtraPilot BLU,4165,USD,,,Blue 1 year
15998522123,WingtraPilot BLU,4165,USD,,,Blue 1 year
15999889989,WingtraPilot BLU,4165,USD,,,Blue 1 year
15996766757,LIDAR,29077.5,EUR,2024-10-07,2027-10-07,PC Master Perpetual License
15987959076,LIDAR,0,USD,2024-09-10,2025-09-10,LIDAR license 12 months
15644327753,WingtraCare BLU,19125,USD,2023-08-25,2026-08-24,Blue 3 year
15644327751,WingtraCare BLU,19125,USD,2023-08-25,2026-08-24,Blue 3 year
15644327750,WingtraCare BLU,19125,USD,2023-08-25,2026-08-24,Blue 3 year
15736890758,Total Maintenance Plan,3750,USD,2024-09-27,2025-09-27,TMP+
15429589523,LIDAR,17315,EUR,2024-09-30,2026-09-30,LIDAR license 12 months
15045006749,WingtraCare,14850,USD,2024-09-06,2026-09-06,
14876903005,LIDAR,33660,USD,2024-09-27,2027-09-27,PC Master Perpetual License
14876761362,WingtraCare,7425,USD,2024-09-26,2025-09-26,
14857449035,WingtraCare BLU,19125,USD,2024-10-16,2028-10-16,
14857534339,WingtraPilot BLU,12495,USD,2024-10-16,2027-10-16,Wingtra Pilot Blue Perpetual
14858318906,LIDAR,16830,USD,2024-09-24,2026-09-24,LIDAR license 12 months
14760299674,LIDAR,8415,USD,2025-10-01,2026-09-30,LIDAR license 12 months
14705870222,WingtraPilot BLU,12495,USD,2024-09-27,2027-09-27,Wingtra Pilot Blue Perpetual
14640951480,LIDAR,0,USD,2024-09-03,2025-09-03,LIDAR license 12 months
14614365747,LIDAR,0,USD,,,LIDAR license 12 months
14597149965,LIDAR,25415,USD,2025-05-06,2028-05-05,PC Master Perpetual License
14562995843,LIDAR,16830,USD,2024-10-15,2026-10-15,LIDAR license 12 months
14548757088,LIDAR,33660,USD,2025-04-02,2028-04-02,PC Master Perpetual License
14548234373,LIDAR,8415,USD,2025-01-30,2026-01-30,LIDAR license 12 months
14531392029,LIDAR,25415,USD,2024-09-19,2027-09-18,PC Master Perpetual License
14517760922,LIDAR,72165,USD,2025-02-12,2028-02-12,PC Master Perpetual License
14517036568,LIDAR,33660,USD,2024-09-30,2027-09-30,PC Master Perpetual License
14500955211,WingtraCare,7425,USD,2025-08-22,2026-08-22,
14446376833,Total Maintenance Plan,4250,USD,2025-08-14,2026-08-14,TMP+
14428952115,WingtraPilot BLU,4165,USD,2024-08-21,2025-08-21,Blue 1 year
14391106925,WingtraCare,13860,USD,2024-08-13,2026-08-13,WingtraCare
14367379979,WingtraPilot BLU,12495,USD,2024-08-13,2027-08-13,Wingtra Pilot Blue Perpetual
14307807825,LIDAR,0,USD,2024-08-13,2025-07-30,LIDAR license 12 months
14307886990,LIDAR,34395,EUR,2024-08-13,2027-08-13,PC Master Perpetual License
14271274383,WingtraCare,7425,USD,2024-07-24,2025-07-24,
14271362651,Total Maintenance Plan,3750,USD,2024-06-28,2025-06-28,TMP+
14271264102,WingtraPilot BLU,12495,USD,2024-09-04,2027-09-04,Wingtra Pilot Blue Perpetual
14269328640,LIDAR,8415,USD,2024-09-27,2025-09-27,LIDAR license 12 months
14246951348,LIDAR,0,USD,,,LIDAR license 12 months
14154206211,Total Maintenance Plan,11250,USD,2024-07-29,2025-07-29,TMP+
14152115288,WingtraCare,12870,USD,2026-04-24,2028-04-23,
14152143235,WingtraCare,12870,USD,2025-03-20,2027-03-20,
14152358440,WingtraCare,12870,USD,2025-03-22,2027-03-22,
14135293227,WingtraPilot BLU,4165,USD,2024-07-23,2025-07-23,Blue 1 year
14135266464,WingtraPilot BLU,4165,USD,2024-07-23,2025-07-23,Blue 1 year
14026893975,WingtraCare,14850,USD,2024-05-18,2026-05-18,
13936869655,LIDAR,8415,USD,2024-11-13,2025-11-13,LIDAR license 12 months
13936804146,LIDAR,16830,USD,2024-09-10,2026-09-10,LIDAR license 12 months
13935875084,WingtraPilot BLU,12495,USD,2024-07-09,2027-07-09,Wingtra Pilot Blue Perpetual
13850807308,Total Maintenance Plan,3750,USD,2024-06-28,2025-06-28,TMP+
13787645468,Total Maintenance Plan,9975,EUR,2025-02-06,2027-02-06,TMP+
13745590699,LIDAR,33660,USD,2024-11-07,2027-11-07,PC Master Perpetual License
13745122423,LIDAR,16830,USD,2024-07-23,2026-07-18,LIDAR license 12 months
13745111313,LIDAR,16830,USD,2024-12-17,2026-12-17,LIDAR license 12 months
13741028609,LIDAR,25415,USD,2024-10-16,2027-10-16,PC Master Perpetual License
13686505130,LIDAR,16830,USD,2025-03-25,2027-03-25,LIDAR license 12 months
13686225335,LIDAR,16830,USD,2025-01-09,2027-01-09,LIDAR license 12 months
13637452113,LIDAR,18315,USD,2024-07-09,2025-06-24,LIDAR license 12 months
13617060485,Total Maintenance Plan,11250,USD,2022-10-21,2025-06-25,TMP+
13616155433,WingtraPilot BLU,4165,USD,2024-06-12,2026-06-12,Blue 1 year
13613748811,LIDAR,8415,USD,2024-12-12,2025-12-12,LIDAR license 12 months
13613826188,LIDAR,30828.93,CHF,2024-11-08,2027-11-08,PC Master Perpetual License
13613692518,LIDAR,42415,USN,2025-12-24,2029-01-06,PC Master Perpetual License
13595935777,LIDAR,16830,USD,2024-06-25,2026-06-19,LIDAR license 12 months
13586319362,LIDAR,16830,USD,2024-11-12,2026-11-12,LIDAR license 12 months
13586355555,LIDAR,8415,USD,2024-10-29,2025-10-29,LIDAR license 12 months
13556870833,LIDAR,8415,USD,2025-02-24,2026-02-24,LIDAR license 12 months
13542816795,LIDAR,0,CHF,,,LIDAR license 12 months
13471979809,LIDAR,8415,USD,2024-12-11,2025-12-11,LIDAR license 12 months
13471899653,LIDAR,33660,USD,2024-10-08,2027-10-08,PC Master Perpetual License
13471979404,LIDAR,8415,USD,2024-09-19,2026-09-19,LIDAR license 12 months
13392105790,WingtraCare,0,USD,2025-01-21,2026-01-21,
13384060703,LIDAR,16830,USD,2024-09-05,2026-09-05,LIDAR license 12 months
13376625759,Total Maintenance Plan,3750,USD,2023-11-07,2024-11-06,TMP+
13376625589,Total Maintenance Plan,3750,USD,2024-06-26,2025-06-26,TMP+
13371857475,LIDAR,8415,USD,2024-07-11,2025-07-09,LIDAR license 12 months
13368995855,LIDAR,8415,USD,2024-08-13,2025-08-13,LIDAR license 12 months
13368829286,LIDAR,8415,USD,2025-04-13,2026-04-13,LIDAR license 12 months
13352740487,WingtraPilot BLU,0,USD,2024-05-23,2027-05-23,Wingtra Pilot Blue Perpetual
13352819286,WingtraPilot BLU,4165,USD,2024-06-28,2025-06-28,Blue 1 year
13352694528,Total Maintenance Plan,4250,USD,2024-05-18,2025-05-18,TMP+
13345498414,LIDAR,32640,EUR,2025-03-21,2028-03-20,PC Master Perpetual License
13286963348,LIDAR,16830,USD,2024-06-20,2026-06-20,LIDAR license 12 months
13263598773,LIDAR,8415,USD,2026-02-16,2027-02-16,LIDAR license 12 months
13263669291,LIDAR,16830,USD,2024-05-30,2026-05-30,LIDAR license 12 months
13264514982,LIDAR,8415,USD,2026-04-15,2027-04-15,LIDAR license 12 months
13264593558,LIDAR,8415,USD,2026-03-03,2027-03-03,LIDAR license 12 months
13143575615,LIDAR,16830,USD,2024-06-27,2026-06-28,LIDAR license 12 months
13143827382,LIDAR,8415,USD,2024-10-23,2025-10-23,LIDAR license 12 months
13143944075,LIDAR,15840,USD,2024-08-28,2026-07-31,LIDAR license 12 months
13143680043,LIDAR,8415,USD,2024-12-13,2027-12-13,PC Master Perpetual License
13086628147,LIDAR,0,USD,2025-09-30,2026-09-30,LIDAR license 12 months
13081932964,LIDAR,18295,EUR,2024-07-25,2027-07-24,PC Master Perpetual License
13081975364,LIDAR,33660,USD,2025-06-10,2028-06-10,PC Master Perpetual License
13081991937,LIDAR,30828.93,CHF,2024-11-04,2027-11-04,PC Master Perpetual License
13053672534,LIDAR,16830,USD,2024-05-21,2026-05-23,LIDAR license 12 months
13053597059,LIDAR,8415,USD,2025-05-14,2027-05-14,LIDAR license 12 months
13053609293,LIDAR,33660,USD,2024-08-28,2027-08-28,PC Master Perpetual License
13053685563,LIDAR,8415,USD,2025-03-04,2028-03-03,PC Master Perpetual License
12986914596,WingtraPilot BLU,12495,USD,2024-04-29,2027-04-29,Wingtra Pilot Blue Perpetual
30008349771,Total Maintenance Plan,22500,USD,2022-04-26,2026-04-25,TMP+
12947824735,LIDAR,16830,USD,2024-06-27,2026-06-03,LIDAR license 12 months
12947920425,LIDAR,59160,USD,2024-05-17,2027-05-17,PC Master Perpetual License
12946975784,LIDAR,16830,USD,2025-04-15,2027-04-15,LIDAR license 12 months
12947883304,LIDAR,16830,USD,2025-03-25,2026-03-25,LIDAR license 12 months
12901328709,LIDAR,8415,USD,2024-07-25,2025-07-25,LIDAR license 12 months
12901349448,LIDAR,8415,USD,2024-05-17,2027-04-29,PC Master Perpetual License
12893029695,LIDAR,16830,USD,2024-08-31,2026-08-21,LIDAR license 12 months
12892864621,LIDAR,16830,USD,2024-08-08,2026-06-27,LIDAR license 12 months
12893048661,LIDAR,16830,USD,2024-08-23,2026-05-22,LIDAR license 12 months
12820969479,Total Maintenance Plan,15000,USD,2024-04-24,2026-04-24,TMP+
12820955155,Total Maintenance Plan,11250,USD,,,TMP+
12818443872,LIDAR,16830,USD,2025-03-25,2027-03-25,LIDAR license 12 months
12817175363,LIDAR,0,USD,2024-04-10,2025-04-10,LIDAR license 12 months
12806781536,WingtraCare BLU,19125,USD,2024-04-15,2027-04-15,Blue 3 year
12806764321,WingtraPilot BLU,12495,USD,2024-04-15,2027-04-15,Wingtra Pilot Blue Perpetual
12790115205,LIDAR,38115,USD,2024-06-06,2027-04-24,PC Master Perpetual License
12790196107,LIDAR,32640,EUR,2024-06-03,2027-06-03,PC Master Perpetual License
12782657285,WingtraPilot BLU,8330,USD,2024-04-29,2026-04-29,Blue 1 year
12778097819,LIDAR,16830,USD,2024-04-23,2026-04-23,LIDAR license 12 months
12762294957,LIDAR,8415,USD,2024-05-23,2025-05-22,LIDAR license 12 months
12749701889,LIDAR,8415,USD,2026-04-08,2027-04-08,LIDAR license 12 months
12749970727,LIDAR,8415,USD,2025-03-27,2026-03-27,LIDAR license 12 months
12749810722,LIDAR,16830,USD,2025-05-06,2027-05-06,LIDAR license 12 months
12733618798,Total Maintenance Plan,22500,USD,2024-05-19,2026-05-19,TMP+
12701902166,LIDAR,16830,USN,2024-08-07,2026-06-14,LIDAR license 12 months
12701891482,LIDAR,16830,USD,2024-04-29,2026-04-29,LIDAR license 12 months
12687328142,LIDAR,16830,USD,2024-04-16,2026-04-16,LIDAR license 12 months
12684723488,LIDAR,59160,USD,2024-04-04,2027-04-04,PC Master Perpetual License
12684622363,LIDAR,16830,USD,2024-07-01,2026-07-01,LIDAR license 12 months
12602531247,Total Maintenance Plan,3750,USD,2024-04-18,2025-04-18,TMP+
12555980833,WingtraCare BLU,19125,USD,2024-03-25,2027-03-25,
12555981599,WingtraPilot BLU,12495,USD,2024-03-25,2027-03-25,Wingtra Pilot Blue Perpetual
12555525698,LIDAR,16830,USD,2023-12-29,2025-12-28,LIDAR license 12 months
12555491669,LIDAR,32640,EUR,2023-11-23,2026-11-22,PC Master Perpetual License
12555525640,LIDAR,16830,USD,2023-11-14,2026-11-13,LIDAR license 12 months
12555067448,LIDAR,16830,USD,2023-11-28,2025-11-27,LIDAR license 12 months
12542481457,LIDAR,16830,USD,2023-12-04,2025-12-03,LIDAR license 12 months
12542509976,LIDAR,42075,USD,2023-11-20,2025-11-19,LIDAR license 12 months
12522700094,LIDAR,17865,EUR,2024-04-24,2027-04-22,PC Master Perpetual License
12513178702,LIDAR,8415,EUR,2024-06-20,2025-06-17,LIDAR license 12 months
12513115479,LIDAR,33660,USD,2025-01-14,2028-01-14,PC Master Perpetual License
12513122173,LIDAR,8415,USD,2024-09-30,2025-09-30,LIDAR license 12 months
12512164489,LIDAR,8415,USD,,,LIDAR license 12 months
12512182372,LIDAR,33660,USD,2024-10-28,2027-10-28,PC Master Perpetual License
12512367996,LIDAR,8415,USD,,,LIDAR license 12 months
12512467343,LIDAR,8415,USD,,,LIDAR license 12 months
12512451769,LIDAR,8415,USD,2026-01-23,2029-01-22,PC Master Perpetual License
12512367652,LIDAR,22000,USN,2024-04-30,2026-04-25,LIDAR license 12 months
12512472700,LIDAR,8415,USD,,,LIDAR license 12 months
12512436115,LIDAR,8415,USD,2024-06-20,2025-06-20,LIDAR license 12 months
12512131177,LIDAR,12445,EUR,2024-06-03,2027-06-03,PC Master Perpetual License
12512429682,LIDAR,16490,EUR,2024-05-05,2026-05-05,LIDAR license 12 months
12512443761,LIDAR,16490,USD,2024-03-27,2026-07-24,LIDAR license 12 months
12512414886,LIDAR,8415,USD,,,LIDAR license 12 months
12510051131,Total Maintenance Plan,32062.5,USD,2024-03-22,2027-03-22,TMP+
12509971798,Total Maintenance Plan,21375,USD,2024-03-14,2027-03-14,TMP+
12475536030,WingtraPilot BLU,0,USD,2024-03-15,2027-03-15,Wingtra Pilot Blue Perpetual
12474681937,Total Maintenance Plan,10687.5,EUR,2022-03-24,2023-03-24,TMP+
12447373849,Total Maintenance Plan,24000,USD,2023-03-02,2025-03-01,TMP+
12447204105,Total Maintenance Plan,11250,USD,2023-02-01,2024-02-01,TMP+
12422602241,LIDAR,8415,USD,2024-03-13,2027-03-12,PC Master Perpetual License
12378862381,LIDAR,8415,EUR,2024-04-18,2025-04-18,LIDAR license 12 months
12379030954,LIDAR,8415,USD,2024-06-10,2025-06-10,LIDAR license 12 months
12352311971,WingtraPilot BLU,0,,,,
12339497091,Total Maintenance Plan,15000,USD,2024-03-19,2026-03-19,TMP+
12327861589,LIDAR,8415,USD,2024-04-24,2025-04-24,LIDAR license 12 months
12327702544,LIDAR,16830,USD,2024-04-07,2026-04-07,LIDAR license 12 months
12327817622,LIDAR,8415,USD,2024-07-02,2025-07-02,LIDAR license 12 months
12324251426,LIDAR,25415,USD,2024-06-08,2027-05-22,PC Master Perpetual License
12324363409,LIDAR,17073,USD,2024-11-07,2027-11-07,PC Master Perpetual License
12323994396,LIDAR,8415,USD,2024-04-23,2025-04-23,LIDAR license 12 months
12323474535,LIDAR,21165,USD,2024-03-13,2027-03-13,LIDAR license 12 months
12324045496,LIDAR,16830,USD,2024-05-21,2026-05-21,LIDAR license 12 months
12294273601,LIDAR,16830,USD,2024-06-12,2026-06-19,LIDAR license 12 months
12294173597,LIDAR,8415,USD,,,LIDAR license 12 months
12294189839,LIDAR,8415,USD,2024-03-15,2027-03-14,PC Master Perpetual License
12294239119,LIDAR,8415,USD,2024-03-15,2027-03-15,PC Master Perpetual License
12210631968,LIDAR,26330,EUR,2024-03-19,2026-03-19,LIDAR license 12 months
12200785931,LIDAR,16830,USD,2024-03-08,2026-03-07,LIDAR license 12 months
12199636541,LIDAR,0,,2024-02-26,2025-02-25,LIDAR license 12 months
12188670876,LIDAR,0,CHF,,,LIDAR license 12 months
12188642146,LIDAR,0,CHF,2024-03-12,2025-03-06,LIDAR license 12 months
12175432734,Total Maintenance Plan,11250,USD,2024-02-14,2025-02-13,TMP+
12140226134,LIDAR,16490,EUR,2024-03-05,2027-03-05,PC Master Perpetual License
12104015124,LIDAR,0,,2024-02-13,2025-02-12,LIDAR license 12 months
12103555749,LIDAR,8415,USD,2025-12-03,2026-12-03,LIDAR license 12 months
12103714379,LIDAR,0,,2024-02-13,2025-02-12,LIDAR license 12 months
12103657317,LIDAR,0,,2024-02-13,2025-02-12,LIDAR license 12 months
12101747876,LIDAR,0,,,,LIDAR license 12 months
12101830006,LIDAR,0,,,,LIDAR license 12 months
12101882737,LIDAR,0,,,,LIDAR license 12 months
12032506467,LIDAR,0,,2024-08-27,2025-08-27,LIDAR license 12 months
12020392543,Total Maintenance Plan,15000,USD,2024-03-12,2025-03-12,TMP+
11942978105,WingtraPilot BLU,12495,USD,2024-02-15,2027-02-14,Wingtra Pilot Blue Perpetual
11875313843,Total Maintenance Plan,3750,USD,,,TMP+
11802815039,Total Maintenance Plan,11250,USD,2023-12-06,2024-12-05,TMP+
11731604332,Total Maintenance Plan,22500,USD,2025-02-07,2027-02-07,TMP+
11730769992,Total Maintenance Plan,11250,USD,2024-01-20,2025-01-19,TMP+
11519244293,Total Maintenance Plan,10687.5,EUR,2024-12-05,2026-12-05,TMP+
11433608856,Total Maintenance Plan,11250,USD,2024-04-23,2025-04-23,TMP+
11297644637,WingtraPilot BLU,12495,USD,2024-01-24,2027-01-23,Wingtra Pilot Blue Perpetual
11108344078,WingtraPilot BLU,0,USD,2023-12-06,2026-12-05,Wingtra Pilot Blue Perpetual
10696538716,Total Maintenance Plan,15000,USD,2023-04-10,2024-04-09,TMP+
10667834973,WingtraPilot BLU,12495,USD,2023-12-04,2026-12-03,Wingtra Pilot Blue Perpetual
10667875892,WingtraPilot BLU,16660,USD,2024-04-03,2027-04-03,Wingtra Pilot Blue Perpetual
10667748215,WingtraPilot BLU,16660,USD,,,Blue 1 year
10667775868,Total Maintenance Plan,11250,USD,2024-04-03,2025-04-03,TMP+
10648539399,WingtraPilot BLU,12495,USD,2023-11-14,2026-11-13,Wingtra Pilot Blue Perpetual
10644120158,WingtraPilot BLU,0,USD,,,Wingtra Pilot Blue Perpetual
10640148323,Total Maintenance Plan,11250,USD,2023-09-15,2024-09-14,TMP+
10461984104,Total Maintenance Plan,11250,USD,2022-11-04,2023-11-04,TMP+
9887304829,WingtraPilot BLU,4165,USD,2024-06-28,2025-06-28,Blue 1 year
9832013110,WingtraPilot BLU,4165,USD,2023-11-05,2024-11-04,Blue 1 year
9831886643,Total Maintenance Plan,11250,USD,2022-04-15,2023-04-15,TMP+
9608548452,Total Maintenance Plan,11250,USD,2023-10-23,2024-10-24,TMP+
9524062298,Total Maintenance Plan,4250,USD,2023-10-25,2024-10-24,TMP+
9353579127,WingtraPilot BLU,0,USD,2023-10-12,2026-10-11,Wingtra Pilot Blue Perpetual
9332140197,WingtraPilot BLU,0,USD,2023-10-10,2026-10-09,Wingtra Pilot Blue Perpetual
9303302049,WingtraPilot BLU,0,,,,Blue 5 year
9206287204,WingtraPilot BLU,12495,USD,2023-10-26,2026-10-25,Wingtra Pilot Blue Perpetual
9206358340,WingtraPilot BLU,12495,USD,2023-10-26,2026-10-25,Wingtra Pilot Blue Perpetual
9206362401,WingtraPilot BLU,12495,USD,2023-10-26,2026-10-25,Wingtra Pilot Blue Perpetual
9206388116,WingtraPilot BLU,12495,USD,2023-10-26,2026-10-25,Wingtra Pilot Blue Perpetual
9206458405,WingtraPilot BLU,12495,USD,2023-10-26,2026-10-25,Wingtra Pilot Blue Perpetual
9206330883,WingtraPilot BLU,12495,USD,2023-10-26,2026-10-25,Wingtra Pilot Blue Perpetual
9206481978,WingtraPilot BLU,12495,USD,2023-10-26,2026-10-25,Wingtra Pilot Blue Perpetual
9206320164,WingtraPilot BLU,12495,USD,2023-10-26,2026-10-25,Wingtra Pilot Blue Perpetual
9206517643,WingtraPilot BLU,12495,USD,2023-10-26,2026-10-25,Wingtra Pilot Blue Perpetual
9205168000,Total Maintenance Plan,11250,USD,2023-05-03,2024-05-02,TMP+
9166948649,WingtraPilot BLU,13230,USD,2023-10-02,2026-10-01,Wingtra Pilot Blue Perpetual
9163298316,Total Maintenance Plan,3750,USD,2022-05-05,2023-05-05,TMP+
9103764116,Total Maintenance Plan,3750,USD,,,TMP+
9083508819,WingtraPilot BLU,13230,USD,2023-09-28,2026-09-27,Wingtra Pilot Blue Perpetual
9079697585,WingtraPilot BLU,12495,USD,2023-10-03,2026-10-02,Wingtra Pilot Blue Perpetual
9075541264,WingtraPilot BLU,0,,,,Wingtra Pilot Blue Perpetual
9034330254,WingtraPilot BLU,12495,USD,2023-10-26,2026-10-25,Wingtra Pilot Blue Perpetual
8940537667,Total Maintenance Plan,26250,USD,2023-08-02,2026-08-01,TMP+
8925831609,WingtraPilot BLU,0,USD,2023-09-21,2024-09-20,Blue 1 year
8925831603,WingtraPilot BLU,0,USD,2023-09-21,2024-09-20,Blue 1 year
8829325843,WingtraPilot BLU,0,,,,
8754342280,Total Maintenance Plan,3750,USD,2023-09-30,2024-09-29,TMP+
8496271668,WingtraPilot BLU,0,USD,2023-09-01,2026-08-31,Wingtra Pilot Blue Perpetual
8496007492,WingtraPilot BLU,0,USD,2023-09-01,2026-08-31,Wingtra Pilot Blue Perpetual
8496271648,WingtraPilot BLU,0,,2023-09-01,2024-08-31,Blue 1 year
8469241140,WingtraPilot BLU,12495,EUR,,,Wingtra Pilot Blue Perpetual
8447740732,WingtraPilot BLU,4165,USD,,,Blue 1 year
8447697423,WingtraPilot BLU,4165,USD,,,Blue 1 year
8441747494,WingtraPilot BLU,0,USD,2024-04-19,2027-04-19,Wingtra Pilot Blue Perpetual
8441511769,WingtraPilot BLU,0,,,,Wingtra Pilot Blue Perpetual
8441405846,WingtraPilot BLU,0,,2023-11-08,2024-11-07,Blue 1 year
8441742596,WingtraPilot BLU,0,USD,2023-11-02,2026-11-01,Wingtra Pilot Blue Perpetual
8441498384,WingtraPilot BLU,0,,2023-11-02,2024-11-01,Blue 1 year
8441243547,WingtraPilot BLU,0,,,,Wingtra Pilot Blue Perpetual
8438400085,WingtraPilot BLU,0,,,,Wingtra Pilot Blue Perpetual
8441747492,WingtraPilot BLU,0,,,,Blue 1 year
8441742593,WingtraPilot BLU,0,,,,Wingtra Pilot Blue Perpetual
8441722142,WingtraPilot BLU,0,,,,Wingtra Pilot Blue Perpetual
8441498382,WingtraPilot BLU,0,,,,Blue 1 year
8441227382,WingtraPilot BLU,0,,,,Wingtra Pilot Blue Perpetual
8441227381,WingtraPilot BLU,0,,,,Wingtra Pilot Blue Perpetual
8440962213,WingtraPilot BLU,0,,,,Blue 1 year
8438355484,WingtraPilot BLU,0,,2023-11-02,2024-11-01,Blue 1 year
8441599365,WingtraPilot BLU,0,,,,Wingtra Pilot Blue Perpetual
8441498388,WingtraPilot BLU,0,,,,Blue 1 year
8441462391,WingtraPilot BLU,0,,,,Wingtra Pilot Blue Perpetual
8440911797,WingtraPilot BLU,0,,,,Blue 1 year
8438295937,WingtraPilot BLU,0,,,,Wingtra Pilot Blue Perpetual
8441783187,WingtraPilot BLU,0,,,,Blue 1 year
8441783186,WingtraPilot BLU,0,,,,Wingtra Pilot Blue Perpetual
8441738848,WingtraPilot BLU,0,,,,Wingtra Pilot Blue Perpetual
8441738847,WingtraPilot BLU,0,,,,Wingtra Pilot Blue Perpetual
8441567091,WingtraPilot BLU,0,,,,Wingtra Pilot Blue Perpetual
8441550422,WingtraPilot BLU,0,,2024-02-23,2025-02-22,Blue 1 year
8440962214,WingtraPilot BLU,0,,2023-09-04,2024-09-03,Blue 1 year
8440844310,WingtraPilot BLU,0,,,,Blue 1 year
8438700842,WingtraPilot BLU,0,,,,Wingtra Pilot Blue Perpetual
8438700841,WingtraPilot BLU,0,,2023-09-05,2024-09-04,Blue 1 year
8441742592,WingtraPilot BLU,0,,,,Blue 1 year
8441585238,WingtraPilot BLU,0,,2023-10-31,2024-10-30,Blue 1 year
8441498383,WingtraPilot BLU,0,USD,2023-09-21,2026-09-20,Wingtra Pilot Blue Perpetual
8441227385,WingtraPilot BLU,0,,,,Wingtra Pilot Blue Perpetual
8441149700,WingtraPilot BLU,0,,,,Blue 1 year
8440655896,WingtraPilot BLU,0,,,,Wingtra Pilot Blue Perpetual
8440748045,WingtraPilot BLU,0,,,,Blue 5 year
8422623097,WingtraPilot BLU,4165,USD,2023-09-22,2024-09-21,Blue 1 year
8354675537,Total Maintenance Plan,10000,CHF,2022-05-09,2023-05-09,TMP+
8339883365,Total Maintenance Plan,3750,USD,2023-08-30,2024-08-29,TMP+
8302569776,WingtraPilot BLU,12495,USD,2023-08-25,2026-08-24,Wingtra Pilot Blue Perpetual
8303171423,WingtraPilot BLU,12495,USD,2023-08-25,2026-08-24,Wingtra Pilot Blue Perpetual
8302461100,WingtraPilot BLU,12495,USD,2023-08-24,2026-08-23,Wingtra Pilot Blue Perpetual
8224526745,WingtraPilot BLU,0,,2023-08-18,2024-08-17,Blue 1 year
8178632459,WingtraPilot BLU,0,USD,2023-08-16,2026-08-15,Wingtra Pilot Blue Perpetual
7930655778,WingtraPilot BLU,4165,USD,2023-08-24,2024-08-23,Blue 1 year
7920398883,WingtraPilot BLU,0,,2023-08-03,2024-08-02,Blue 1 year
7919499888,WingtraPilot BLU,0,USD,2023-08-03,2024-08-02,Blue 1 year
7909552726,WingtraPilot BLU,0,,2023-08-03,2024-08-02,Blue 1 year
7763286696,WingtraPilot BLU,0,,2023-07-26,2024-07-25,Blue 1 year
7601809564,Total Maintenance Plan,3750,USD,,,TMP+
7368265811,WingtraPilot BLU,0,,,,Blue 5 year
7354197124,WingtraPilot BLU,0,USD,2023-07-11,2026-07-10,Wingtra Pilot Blue Perpetual
7336901807,WingtraPilot BLU,0,USD,2023-07-12,2024-07-11,Blue 1 year
7329523280,WingtraPilot BLU,12495,USD,2023-08-22,2026-08-21,Wingtra Pilot Blue Perpetual
7329594769,WingtraPilot BLU,12495,USD,2023-08-22,2026-08-21,Wingtra Pilot Blue Perpetual
7329579609,WingtraPilot BLU,12495,USD,2023-08-22,2026-08-21,Wingtra Pilot Blue Perpetual
7330259727,WingtraPilot BLU,12495,USD,,,Wingtra Pilot Blue Perpetual
7330041146,WingtraPilot BLU,12495,USD,2023-08-22,2026-08-21,Wingtra Pilot Blue Perpetual
7330197531,WingtraPilot BLU,12495,USD,2023-08-22,2026-08-21,Wingtra Pilot Blue Perpetual
7330234285,WingtraPilot BLU,12495,USD,2023-08-25,2026-08-24,Wingtra Pilot Blue Perpetual
7329491293,WingtraPilot BLU,12495,USD,2023-08-22,2026-08-21,Wingtra Pilot Blue Perpetual
7330232334,WingtraPilot BLU,12495,USD,2023-08-22,2026-08-21,Wingtra Pilot Blue Perpetual
7330135561,WingtraPilot BLU,12495,USD,2023-08-22,2026-08-21,Wingtra Pilot Blue Perpetual
7264774277,Total Maintenance Plan,11250,USD,2022-10-21,2023-10-21,TMP+
7251103810,WingtraPilot BLU,4165,USD,2023-09-07,2024-09-06,Blue 1 year
7253157549,Total Maintenance Plan,3750,USD,2023-07-05,2024-07-04,TMP+
6911233061,WingtraPilot BLU,8085,USD,2023-07-11,2026-07-10,Wingtra Pilot Blue Perpetual
6911233053,WingtraPilot BLU,8085,USD,2023-07-11,2026-07-10,Wingtra Pilot Blue Perpetual
6911180697,WingtraPilot BLU,8085,USD,2023-07-11,2026-07-10,Wingtra Pilot Blue Perpetual
6636838170,WingtraPilot BLU,4165,USD,2023-06-26,2024-06-25,Blue 1 year
6638776112,WingtraPilot BLU,4165,USD,2023-08-03,2024-08-02,Blue 1 year
6638579476,WingtraPilot BLU,4165,USD,2023-06-07,2024-06-06,Blue 1 year
6499064247,Total Maintenance Plan,12750,USD,2023-07-17,2024-07-16,TMP+
6465991993,WingtraPilot BLU,4165,USD,2025-10-23,2026-10-23,Blue 1 year
6345611961,Total Maintenance Plan,5000,USD,2023-05-24,2024-05-23,TMP+
6202302112,WingtraPilot BLU,12495,USD,2023-09-13,2026-09-12,Wingtra Pilot Blue Perpetual
6029442363,WingtraPilot BLU,4165,USD,2023-04-19,2024-04-18,Blue 1 year
5822811407,Total Maintenance Plan,15000,USD,2023-10-27,2024-10-26,TMP+
5801332342,Total Maintenance Plan,11250,USD,2021-07-10,2022-07-10,TMP+
5752361249,Total Maintenance Plan,11250,USD,,,TMP+
5751420822,Total Maintenance Plan,0,USD,2023-03-31,2024-03-30,TMP+
5658177140,Total Maintenance Plan,10687.5,USD,2023-03-24,2025-03-23,TMP+
5641669979,Total Maintenance Plan,3750,USD,2023-03-13,2024-03-12,TMP+
5556683105,Total Maintenance Plan,3750,USD,2023-03-21,2024-03-20,TMP+
5536304803,WingtraPilot BLU,12495,USD,2023-07-11,2026-07-10,Wingtra Pilot Blue Perpetual
5536457576,WingtraPilot BLU,12495,USD,2023-07-11,2026-07-10,Wingtra Pilot Blue Perpetual
5536327737,WingtraPilot BLU,12495,USD,2023-07-11,2026-07-10,Wingtra Pilot Blue Perpetual
5528170519,WingtraPilot BLU,0,USD,2023-03-13,2026-03-12,Wingtra Pilot Blue Perpetual
5453290337,Total Maintenance Plan,5000,USD,2023-03-07,2024-03-06,TMP+
5452481412,WingtraPilot BLU,0,USD,2023-03-07,2026-03-06,Wingtra Pilot Blue Perpetual
5444425013,WingtraPilot BLU,12495,USD,2023-03-06,2026-03-05,Wingtra Pilot Blue Perpetual
5360222020,WingtraPilot BLU,0,USD,2023-02-27,2024-02-27,Blue 1 year
5332243716,WingtraPilot BLU,4165,USD,,,Blue 1 year
5220191334,WingtraPilot BLU,0,USD,2023-02-16,2026-02-15,Wingtra Pilot Blue Perpetual
5089930831,WingtraPilot BLU,4165,USD,2023-02-09,2024-02-09,Blue 1 year
5090164056,Total Maintenance Plan,12750,USD,2022-02-01,2023-02-01,TMP+
5075119457,Total Maintenance Plan,0,USD,2023-03-09,2024-03-08,TMP+
4869354013,Total Maintenance Plan,3750,USD,2024-01-27,2025-01-26,TMP+
4849273248,WingtraPilot BLU,12495,USD,2023-04-18,2026-04-17,Wingtra Pilot Blue Perpetual
4849519944,WingtraPilot BLU,12495,USD,2023-04-18,2026-04-17,Wingtra Pilot Blue Perpetual
4341248152,Total Maintenance Plan,18232.5,USD,2023-12-07,2025-12-06,TMP+
4212154769,WingtraPilot BLU,4165,USD,2023-09-01,2024-08-31,Blue 1 year
3949630032,WingtraPilot BLU,12495,USD,,,Wingtra Pilot Blue Perpetual
3919645602,WingtraPilot BLU,0,,2022-11-16,2023-11-16,Blue 1 year
3918166820,WingtraPilot BLU,0,,2022-11-16,2023-11-16,Blue 1 year
3918791845,WingtraPilot BLU,0,USD,2022-11-16,2025-11-15,Wingtra Pilot Blue Perpetual
3900686666,Total Maintenance Plan,3750,USD,2024-05-18,2025-05-18,TMP+
3746955380,WingtraPilot BLU,4165,USD,2022-11-07,2023-11-07,Blue 1 year
3653258784,WingtraPilot BLU,0,USD,2022-11-02,2027-11-01,Blue 5 year
3653258650,WingtraPilot BLU,0,USD,2022-11-02,2025-11-01,Blue 3 year
3653258778,WingtraPilot BLU,0,USD,2022-11-02,2025-11-01,Wingtra Pilot Blue Perpetual
3653258774,WingtraPilot BLU,0,,2022-11-02,2023-11-02,Blue 1 year
3652517743,WingtraPilot BLU,0,,,,Blue 5 year
3630075022,WingtraPilot BLU,4165,USD,2024-01-04,2025-01-03,Blue 1 year
3630075021,WingtraPilot BLU,4165,USD,2024-01-04,2025-01-03,Blue 1 year
3630158181,Total Maintenance Plan,3750,USD,2024-01-10,2025-01-09,TMP+
3554446138,WingtraPilot BLU,3430,USD,,,Blue 1 year
3391507066,WingtraPilot BLU,4165,USD,2022-10-31,2023-10-31,Blue 1 year
3391553134,Total Maintenance Plan,11250,USD,2022-11-09,2023-11-09,TMP+
3224776062,Total Maintenance Plan,0,,2022-10-14,2023-10-14,TMP+
3221371713,Total Maintenance Plan,22500,USD,2022-09-08,2025-09-07,TMP+
2973579071,Total Maintenance Plan,22500,USD,2022-06-07,2024-06-06,TMP+
2941203728,WingtraPilot BLU,12495,USD,2023-06-16,2026-06-15,Wingtra Pilot Blue Perpetual
2912180235,Total Maintenance Plan,11250,USD,,,TMP+
2905222569,Total Maintenance Plan,0,USD,2019-06-30,2020-06-29,Up to 100h
2895769377,Total Maintenance Plan,11250,USD,2023-08-30,2024-08-29,TMP+
2895747359,Total Maintenance Plan,11250,USD,2022-10-17,2023-10-17,TMP+
2871488790,WingtraPilot BLU,0,USD,2023-07-11,2026-07-10,Wingtra Pilot Blue Perpetual
2869769298,Total Maintenance Plan,22500,USD,2022-09-15,2025-09-14,TMP+
2847259242,Total Maintenance Plan,11250,USD,2022-09-08,2023-09-08,TMP+
2766809140,WingtraPilot BLU,0,,,,Blue 1 year
2765746021,WingtraPilot BLU,0,USD,2022-09-08,2023-09-08,Blue 1 year
2765657528,Total Maintenance Plan,11250,USD,2022-09-08,2023-09-08,TMP+
28749918370,Total Maintenance Plan,11250,USD,2023-10-09,2025-10-08,TMP+
2665220376,WingtraPilot BLU,0,USD,2022-09-16,2023-09-16,Blue 1 year
2662804284,WingtraPilot BLU,0,USD,2022-09-16,2023-09-16,Blue 1 year
2665161750,WingtraPilot BLU,0,USD,2022-09-16,2023-09-16,Blue 1 year
2665282126,Total Maintenance Plan,3750,USD,2022-05-31,2023-05-31,TMP+
2664929798,WingtraPilot BLU,0,USD,2022-08-31,2023-08-31,Blue 1 year
2664913840,Total Maintenance Plan,11250,USD,2022-08-31,2023-08-31,TMP+
2048751930,Total Maintenance Plan,3750,USD,2022-08-28,2023-08-28,TMP+
2009461599,Total Maintenance Plan,3750,USD,2021-06-09,2022-06-09,TMP+
2008571716,Total Maintenance Plan,33750,USD,2021-08-05,2025-08-04,TMP+
1998305945,Total Maintenance Plan,11250,USD,2023-08-30,2024-08-29,TMP+
1998164638,Total Maintenance Plan,45000,USD,2022-06-16,2026-06-15,TMP+
1937281457,Total Maintenance Plan,11250,USD,2022-06-11,2023-06-11,TMP+
1905295183,WingtraPilot BLU,0,USD,2022-08-16,2023-08-16,Blue 1 year
1904427833,Total Maintenance Plan,4500,USD,2022-08-16,2023-08-16,TMP+
1885862005,WingtraPilot BLU,0,USD,2023-09-01,2024-08-31,Blue 1 year
1886003019,WingtraPilot BLU,0,USD,2023-07-11,2024-07-10,Blue 1 year
1885908899,WingtraPilot BLU,0,USD,2023-07-11,2024-07-10,Blue 1 year
1885922870,WingtraPilot BLU,0,USD,2023-07-11,2024-07-10,Blue 1 year
1885886070,WingtraPilot BLU,0,USD,2023-07-11,2024-07-10,Blue 1 year
1885856145,WingtraPilot BLU,0,USD,2023-07-06,2026-07-05,Wingtra Pilot Blue Perpetual
1885998405,WingtraPilot BLU,0,USD,2023-07-11,2024-07-10,Blue 1 year
1885861991,WingtraPilot BLU,0,USD,2023-07-10,2024-07-09,Blue 1 year
1885908876,WingtraPilot BLU,0,USD,2023-07-11,2024-07-10,Blue 1 year
1886005882,WingtraPilot BLU,0,USD,2023-07-12,2024-07-11,Blue 1 year
1816837038,Total Maintenance Plan,11250,USD,2023-07-04,2024-07-03,TMP+
1611635575,Total Maintenance Plan,11250,USD,2022-07-18,2023-07-18,TMP+
1611631399,Total Maintenance Plan,33750,USD,2022-06-13,2025-06-12,TMP+
1611605429,Total Maintenance Plan,11250,USD,2022-04-08,2023-04-08,TMP+
1611575975,Total Maintenance Plan,11250,USD,,,TMP+
1611563320,Total Maintenance Plan,11250,USD,2022-04-13,2023-04-13,TMP+
1611563319,Total Maintenance Plan,11250,USD,2022-04-07,2023-04-07,TMP+
1611558927,Total Maintenance Plan,15000,USD,2023-07-07,2024-07-06,TMP+
1611558926,Total Maintenance Plan,22500,USD,2022-06-13,2025-06-12,TMP+
1611542031,Total Maintenance Plan,11250,USD,2022-05-04,2023-05-04,TMP+
1611542029,Total Maintenance Plan,11250,USD,2022-05-05,2023-05-05,TMP+
1611593008,Total Maintenance Plan,11250,USD,2021-11-29,2022-11-29,TMP+
1611593007,Total Maintenance Plan,22500,USD,2022-01-15,2024-01-15,TMP+
1611584277,Total Maintenance Plan,11250,USD,2022-04-14,2023-04-14,TMP+
1583868946,WingtraPilot BLU,0,USD,2022-06-03,2025-06-02,Wingtra Pilot Blue Perpetual
1564999558,Total Maintenance Plan,11250,USD,2022-05-19,2023-05-19,TMP+
1564417408,Total Maintenance Plan,11250,USD,2022-05-20,2023-05-20,TMP+
1528733561,WingtraPilot BLU,0,USD,2023-01-13,2026-01-12,Wingtra Pilot Blue Perpetual
1357808237,WingtraPilot BLU,0,,2022-04-28,2023-04-28,Blue 1 year
1340263509,Total Maintenance Plan,0,USD,2023-04-25,2024-04-24,Unlimited
1246428842,Total Maintenance Plan,0,USD,2022-04-02,2023-04-02,Unlimited
1246365787,Total Maintenance Plan,0,USD,2022-02-09,2023-02-09,Unlimited
1109514572,Total Maintenance Plan,0,EUR,2021-04-24,2022-04-24,Unlimited
1109655047,Total Maintenance Plan,0,USD,2020-04-22,2021-04-22,Unlimited
1009265168,WingtraPilot BLU,0,USD,,,Blue 1 year
1006178834,WingtraPilot BLU,0,USD,,,
801242201,Total Maintenance Plan,0,EUR,2022-06-29,2023-06-29,TMP+
731997223,Total Maintenance Plan,0,USD,2021-06-29,2022-06-29,Up to 100h
589384705,Total Maintenance Plan,0,USD,2023-02-17,2025-02-16,TMP+
3474495624,Total Maintenance Plan,11250,USD,2022-05-20,2023-05-20,Unlimited
320192635,Total Maintenance Plan,0,USD,2021-06-20,2022-06-20,Unlimited
214385992,Total Maintenance Plan,0,USD,2019-03-25,2020-03-24,Up to 100h
204297079,Total Maintenance Plan,45000,USD,2021-06-11,2026-06-10,Unlimited
187018310,Total Maintenance Plan,0,USD,2019-06-11,2020-06-10,Up to 100h
173634955,Total Maintenance Plan,0,USD,,,Unlimited
173614166,Total Maintenance Plan,0,USD,2021-12-31,2022-12-31,Unlimited
87428933,Total Maintenance Plan,0,USD,2019-04-23,2020-04-22,Up to 100h
64176729,Total Maintenance Plan,0,EUR,2020-01-20,2021-01-19,Up to 100h
27492483,Total Maintenance Plan,0,USD,2021-08-20,2022-08-20,Unlimited
